date,stock_id,Trading_Volume,Trading_money,open,max,min,close,spread,Trading_turnover,ma_5,bias_5,ma_10,bias_10,ma_20,bias_20,ma_60,bias_60,ma_120,bias_120,rsi_14,macd,macd_signal,macd_hist,kd_k,kd_d,atr_14,volatility_20,volume_ratio_5
2024-04-01,00940,1346831421,13235728600,9.93,9.94,9.75,9.76,-0.16,319297,,,,,,,,,,,,0.0,0.0,0.0,,,,,
2024-04-02,00940,378309480,3711678068,9.77,9.83,9.77,9.8,0.04,91190,,,,,,,,,,,,0.003191,0.000638,0.002553,,,,,
2024-04-03,00940,273920713,2680641606,9.78,9.83,9.74,9.79,-0.01,69800,,,,,,,,,,,,0.004857,0.001482,0.003375,,,,,
2024-04-08,00940,289957234,2832151844,9.8,9.81,9.75,9.77,-0.02,73525,,,,,,,,,,,,0.004511,0.002088,0.002423,,,,,
2024-04-09,00940,157813629,1547014386,9.78,9.83,9.77,9.8,0.03,30290,9.784,0.001635,,,,,,,,,,0.006582,0.002987,0.003596,,,,,0.322486
2024-04-10,00940,158031717,1556686707,9.82,9.88,9.82,9.85,0.05,34229,9.802,0.004897,,,,,,,,,,0.012118,0.004813,0.007305,,,,,0.628091
2024-04-11,00940,132232026,1299544068,9.83,9.86,9.79,9.85,0.0,28431,9.812,0.003873,,,,,,,,,,0.016318,0.007114,0.009204,,,,,0.653349
2024-04-12,00940,136739037,1354113094,9.85,9.93,9.85,9.91,0.06,32032,9.836,0.007523,,,,,,,,,,0.024208,0.010533,0.013675,,,,,0.781568
2024-04-15,00940,153426324,1509116817,9.89,9.89,9.81,9.82,-0.09,45858,9.846,-0.002641,,,,,,,,,,0.022935,0.013013,0.009922,,,,,1.039132
2024-04-16,00940,672359110,6453827068,9.76,9.77,9.53,9.53,-0.29,221370,9.792,-0.026757,9.788,-0.026359,,,,,,,,-0.001458,0.010119,-0.011577,,,,,2.683451
2024-04-17,00940,134481613,1292871848,9.56,9.65,9.56,9.63,0.1,38037,9.748,-0.012105,9.775,-0.014834,,,,,,,,-0.012576,0.00558,-0.018156,21.6667,,,,0.547012
2024-04-18,00940,102779000,990389027,9.59,9.63,9.56,9.6,-0.03,28831,9.698,-0.010105,9.755,-0.015889,,,,,,,,-0.023536,-0.000243,-0.023293,14.1667,,,,0.428323
2024-04-19,00940,461737875,4350448153,9.5,9.51,9.27,9.39,-0.21,151014,9.594,-0.021263,9.715,-0.033453,,,,,,,,-0.048607,-0.009916,-0.038691,20.2273,18.6869,,,1.514109
2024-04-22,00940,266717137,2485783585,9.4,9.44,9.26,9.26,-0.13,79121,9.482,-0.023413,9.664,-0.041805,,,,,,,26.4151,-0.078066,-0.023546,-0.05452,11.8939,15.4293,0.127857,,0.814118
2024-04-23,00940,130081048,1210728754,9.32,9.4,9.26,9.3,0.04,33097,9.436,-0.014413,9.614,-0.032661,,,,,,,29.0909,-0.097065,-0.03825,-0.058816,8.0507,13.3906,0.124286,,0.593546
2024-04-24,00940,149085155,1414187626,9.4,9.56,9.4,9.54,0.24,26508,9.418,0.012954,9.583,-0.004487,,,,,,,40.0,-0.0917,-0.04894,-0.04276,15.9204,11.955,0.137857,,0.671313
2024-04-25,00940,83057367,784813202,9.46,9.48,9.42,9.44,-0.1,23056,9.386,0.005753,9.542,-0.01069,,,,,,,37.4101,-0.094428,-0.058037,-0.036391,25.4442,16.4718,0.14,,0.38076
2024-04-26,00940,67599629,642243559,9.47,9.53,9.46,9.49,0.05,18178,9.406,0.00893,9.5,-0.001053,,,,,,,40.1408,-0.091501,-0.06473,-0.026771,38.4868,26.6171,0.142143,,0.485253
2024-04-29,00940,102797423,988104775,9.57,9.64,9.56,9.63,0.14,20859,9.48,0.015823,9.481,0.015716,,,,,,,44.4444,-0.076997,-0.067184,-0.009813,56.1804,40.0372,0.148571,,0.965015
2024-04-30,00940,55625516,534518107,9.65,9.65,9.59,9.6,-0.03,16587,9.54,0.006289,9.488,0.011804,9.638,-0.003943,,,,,41.7219,-0.067149,-0.067177,2.8e-05,75.7164,56.7946,0.147143,,0.607047
2024-05-02,00940,71638414,685681510,9.59,9.59,9.55,9.58,-0.02,20629,9.548,0.003351,9.483,0.010229,9.629,-0.005089,,,,,41.1765,-0.060264,-0.065794,0.00553,88.0342,73.3103,0.145714,0.012309,0.940832
2024-05-03,00940,70585939,678420862,9.65,9.66,9.56,9.56,-0.02,21684,9.572,-0.001254,9.479,0.008545,9.617,-0.005927,,,,,38.255,-0.055778,-0.063791,0.008013,81.4103,81.7203,0.147143,0.012255,0.958405
2024-05-06,00940,83910063,805983871,9.6,9.63,9.58,9.6,0.04,19989,9.594,0.000625,9.5,0.010526,9.6075,-0.000781,,,,,42.3611,-0.048437,-0.06072,0.012283,80.6838,83.3761,0.145,0.012314,1.090995
2024-05-07,00940,73140752,700508487,9.62,9.63,9.55,9.58,-0.02,21779,9.584,-0.000417,9.532,0.005036,9.598,-0.001875,,,,,52.1368,-0.043729,-0.057322,0.013593,76.4103,79.5014,0.13,0.012314,1.03044
2024-05-08,00940,91580868,879035648,9.58,9.58,9.49,9.55,-0.03,27541,9.574,-0.002507,9.557,-0.000732,9.5855,-0.003704,,,,,46.3636,-0.041935,-0.054244,0.01231,69.4658,75.5199,0.127857,0.012287,1.171542
2024-05-09,00940,79052639,754407034,9.55,9.59,9.51,9.51,-0.04,26389,9.56,-0.00523,9.554,-0.004605,9.5685,-0.006114,,,,,45.9459,-0.043242,-0.052044,0.008802,49.4658,65.114,0.128571,0.01221,0.99245
2024-05-10,00940,92971373,889567193,9.55,9.6,9.53,9.58,0.07,17066,9.564,0.001673,9.568,0.001254,9.555,0.002616,,,,,59.7938,-0.03819,-0.049273,0.011083,44.0359,54.3225,0.111429,0.012374,1.105077
2024-05-13,00940,95250842,915728256,9.6,9.67,9.59,9.6,0.02,19695,9.564,0.003764,9.579,0.002192,9.5395,0.006342,,,,,69.7674,-0.032201,-0.045859,0.013658,46.3508,46.6175,0.105,0.01228,1.102449
2024-05-14,00940,196094924,1895286863,9.61,9.72,9.61,9.7,0.1,25724,9.588,0.011681,9.586,0.011892,9.5335,0.017465,,,,,71.7391,-0.019164,-0.04052,0.021355,68.4522,52.9463,0.103571,0.01242,1.766778
2024-05-15,00940,137338548,1330324210,9.71,9.73,9.62,9.63,-0.07,29592,9.604,0.002707,9.589,0.004276,9.5385,0.009593,,,,,56.0,-0.014316,-0.035279,0.020963,70.2496,61.6842,0.092857,0.010539,1.143138
2024-05-16,00940,156450460,1520672675,9.67,9.74,9.67,9.73,0.1,22913,9.648,0.008499,9.604,0.01312,9.5435,0.019542,,,,,69.3333,-0.002377,-0.028699,0.026321,81.8792,73.527,0.092143,0.010534,1.153584
2024-05-17,00940,117411271,1138652391,9.73,9.74,9.66,9.69,-0.04,21429,9.67,0.002068,9.617,0.007591,9.548,0.014872,,,,,63.5135,0.003812,-0.022196,0.026009,78.1111,76.7466,0.091429,0.010554,0.835613
2024-05-20,00940,176927116,1728291928,9.7,9.83,9.7,9.78,0.09,30483,9.706,0.007624,9.635,0.015049,9.5675,0.022211,,,,,60.8696,0.015798,-0.014598,0.030396,87.098,82.3628,0.090714,0.0093,1.128042
2024-05-21,00940,66857308,651681018,9.78,9.79,9.7,9.73,-0.05,18536,9.712,0.001853,9.65,0.00829,9.591,0.014493,,,,,59.1549,0.02102,-0.007474,0.028494,78.0147,81.0746,0.092857,0.008699,0.510373
2024-05-22,00940,74971145,734612122,9.75,9.82,9.75,9.82,0.09,17623,9.75,0.007179,9.677,0.014777,9.617,0.021108,,,,,65.3846,0.032051,0.000431,0.03162,83.5703,82.8943,0.095714,0.008821,0.632543
2024-05-23,00940,78507989,768580060,9.81,9.82,9.74,9.79,-0.03,19036,9.762,0.002868,9.705,0.008758,9.6295,0.016668,,,,,64.557,0.037935,0.007932,0.030004,82.9167,81.5005,0.094286,0.007032,0.762695
2024-05-24,00940,75561747,738722890,9.75,9.81,9.73,9.78,-0.01,16330,9.78,0.0,9.725,0.005656,9.6465,0.013839,,,,,61.8421,0.041316,0.014609,0.026707,85.7576,84.0815,0.095,0.006494,0.799045
2024-05-27,00940,164554937,1628850247,9.81,9.93,9.81,9.91,0.13,32077,9.806,0.010606,9.756,0.015785,9.6675,0.025084,,,,,68.9655,0.053863,0.02246,0.031404,84.7181,84.4641,0.1,0.006952,1.78688
2024-05-28,00940,86533235,853155241,9.93,9.95,9.91,9.92,0.01,21402,9.844,0.00772,9.778,0.014522,9.682,0.024582,,,,,71.7647,0.063878,0.030743,0.033135,86.8254,85.7671,0.096429,0.006292,0.901146
2024-05-29,00940,92400722,914301724,9.92,9.93,9.87,9.88,-0.04,21967,9.856,0.002435,9.803,0.007855,9.696,0.018977,,,,,71.7647,0.067806,0.038156,0.02965,86.3552,85.9663,0.095,0.006331,0.928541
2024-05-30,00940,90196700,890931905,9.82,9.86,9.76,9.8,-0.08,25038,9.858,-0.005884,9.81,-0.001019,9.707,0.009581,,,,,62.7907,0.063728,0.04327,0.020458,68.5057,80.5621,0.097143,0.006643,0.885588
2024-05-31,00940,74420878,731275490,9.84,9.88,9.79,9.79,-0.01,16488,9.86,-0.007099,9.82,-0.003055,9.7185,0.007357,,,,,61.1765,0.05901,0.046418,0.012592,50.6207,68.4939,0.097143,0.00662,0.732335
2024-06-03,00940,84792605,835519056,9.84,9.88,9.81,9.86,0.07,15059,9.85,0.001015,9.828,0.003256,9.7315,0.013205,,,,,59.7561,0.060224,0.049179,0.011045,45.0303,54.7189,0.095,0.006723,0.989772
2024-06-04,00940,89011797,874755231,9.85,9.86,9.8,9.82,-0.04,16316,9.83,-0.001017,9.837,-0.001728,9.7435,0.007851,,,,,62.0253,0.057299,0.050803,0.006496,45.3333,46.9948,0.091429,0.00679,1.033044
2024-06-05,00940,69288813,682501983,9.84,9.88,9.82,9.84,0.02,12374,9.822,0.001833,9.839,0.000102,9.758,0.008403,,,,,57.7465,0.055949,0.051832,0.004117,50.0,46.7879,0.087857,0.006712,0.84973
2024-06-06,00940,162477322,1609380843,9.88,9.93,9.85,9.91,0.07,22779,9.844,0.006705,9.851,0.005989,9.778,0.0135,,,,,64.8649,0.059838,0.053434,0.006405,56.6188,50.6507,0.088571,0.006682,1.692502
2024-06-07,00940,93783631,931483613,9.91,9.95,9.91,9.94,0.03,15344,9.874,0.006684,9.867,0.007398,9.796,0.0147,,,,,61.7647,0.064597,0.055666,0.00893,74.5614,60.3934,0.081429,0.006571,0.939049
2024-06-11,00940,109232006,1084639242,9.91,9.97,9.9,9.91,-0.03,21788,9.884,0.002631,9.867,0.004358,9.8115,0.010039,,,,,63.6364,0.065195,0.057572,0.007623,81.7043,70.9615,0.08,0.006661,1.042701
2024-06-12,00940,74975321,743654573,9.91,9.94,9.9,9.93,0.02,14131,9.906,0.002423,9.868,0.006283,9.823,0.010893,,,,,59.322,0.066517,0.059361,0.007156,82.3726,79.5461,0.076429,0.006333,0.735402
2024-06-13,00940,334591033,3353605335,9.98,10.06,9.98,10.0,0.07,37526,9.938,0.006239,9.88,0.012146,9.8415,0.016105,,,,,66.6667,0.072378,0.061964,0.010414,76.7196,80.2655,0.08,0.006136,2.158487
2024-06-14,00940,161334686,1617242089,10.01,10.04,10.0,10.03,0.03,23289,9.962,0.006826,9.903,0.012824,9.8565,0.017603,,,,,69.2308,0.078539,0.065279,0.013259,82.3972,80.4965,0.077143,0.005813,1.042326
2024-06-17,00940,207637567,2089496644,10.03,10.09,10.01,10.07,0.04,30378,9.988,0.00821,9.931,0.013997,9.8755,0.019695,,,,,64.2857,0.085661,0.069356,0.016306,86.4476,81.8548,0.072143,0.00568,1.169433
2024-06-18,00940,197870596,2001743737,10.08,10.15,10.08,10.14,0.07,29626,10.034,0.010564,9.959,0.018175,9.8935,0.024915,,,,,67.7419,0.09585,0.074654,0.021195,92.8449,87.2299,0.075,0.005543,1.013257
2024-06-19,00940,222536466,2285174908,10.18,10.31,10.18,10.29,0.15,36093,10.106,0.018207,10.006,0.028383,9.9215,0.037142,,,,,78.0822,0.114705,0.082665,0.032041,95.2418,91.5114,0.082857,0.006,0.989957
2024-06-20,00940,166669199,1726047548,10.31,10.39,10.3,10.38,0.09,29756,10.182,0.019446,10.06,0.031809,9.9495,0.043269,,,,,89.1892,0.135351,0.093202,0.042149,96.8604,94.9823,0.081429,0.005973,0.871657
2024-06-21,00940,144426658,1482955658,10.35,10.35,10.26,10.31,-0.07,27709,10.238,0.007033,10.1,0.020792,9.9755,0.033532,,,,,82.5,0.144399,0.103441,0.040958,92.4283,94.8435,0.083571,0.006215,0.76893
2024-06-24,00940,167696493,1711816047,10.27,10.27,10.18,10.19,-0.12,34915,10.262,-0.007016,10.125,0.00642,9.996,0.019408,,,,,69.4118,0.14027,0.110807,0.029463,80.2721,89.8536,0.086429,0.006951,0.932477
2024-06-25,00940,149620200,1513135149,10.17,10.19,10.04,10.17,-0.02,27698,10.268,-0.009544,10.151,0.001872,10.009,0.016086,,,,,71.0843,0.133841,0.115414,0.018427,63.0662,78.5889,0.092857,0.006477,0.879137
2024-06-26,00940,83630144,853241748,10.2,10.24,10.15,10.2,0.03,16301,10.25,-0.004878,10.178,0.002162,10.023,0.017659,,,,,71.4286,0.129672,0.118266,0.011407,52.2691,65.2025,0.095,0.006486,0.587255
2024-06-27,00940,213972756,2162048023,10.09,10.15,10.06,10.11,-0.09,33902,10.196,-0.008435,10.189,-0.007753,10.0345,0.007524,9.7895,0.032739,,,61.6279,0.117749,0.118162,-0.000413,41.3131,52.2161,0.098571,0.00678,1.408927
2024-06-28,00940,133819048,1359404886,10.11,10.2,10.11,10.17,0.06,20038,10.168,0.000197,10.203,-0.003234,10.053,0.011638,9.7963,0.038144,,,62.9213,0.111852,0.1169,-0.005049,38.2469,43.943,0.102143,0.00649,0.89363
2024-07-01,00940,228160983,2334953902,10.16,10.29,10.15,10.24,0.07,26404,,,,,,,,,,,,0.0,0.0,0.0,,,,,
2024-07-02,00940,149574199,1525550698,10.23,10.26,10.16,10.18,-0.06,22106,,,,,,,,,,,,-0.004786,-0.000957,-0.003829,,,,,
2024-07-03,00940,102745728,1047126859,10.22,10.24,10.16,10.16,-0.02,17432,,,,,,,,,,,,-0.010077,-0.002781,-0.007296,,,,,
2024-07-04,00940,199830854,2045307517,10.2,10.26,10.19,10.23,0.07,20984,,,,,,,,,,,,-0.008524,-0.00393,-0.004594,,,,,
2024-07-05,00940,115002237,1178620488,10.25,10.29,10.23,10.24,0.01,16988,10.21,0.002938,,,,,,,,,,-0.006411,-0.004426,-0.001985,,,,,0.722999
2024-07-08,00940,162017815,1656470880,10.24,10.26,10.18,10.23,-0.01,22724,10.208,0.002155,,,,,,,,,,-0.005481,-0.004637,-0.000844,,,,,1.110973
2024-07-09,00940,206556782,2121487032,10.26,10.31,10.2,10.27,0.04,23992,10.226,0.004303,,,,,,,,,,-0.001499,-0.00401,0.00251,,,,,1.313718
2024-07-10,00940,208465711,2149276945,10.3,10.33,10.27,10.32,0.05,25174,10.258,0.006044,,,,,,,,,,0.005626,-0.002082,0.007709,,,,,1.168696
2024-07-11,00940,142347344,1469699583,10.31,10.35,10.3,10.31,0.0,18986,10.274,0.003504,,,,,,,,,,0.010347,0.000403,0.009944,,,,,0.853003
2024-07-12,00940,106621696,1092389367,10.25,10.27,10.23,10.25,-0.06,22254,10.276,-0.00253,10.243,0.000683,,,,,,,,0.009142,0.002151,0.00699,,,,,0.645402
2024-07-15,00940,106665206,1092206519,10.26,10.27,10.21,10.25,0.0,16624,10.28,-0.002918,10.244,0.000586,,,,,,,,0.008093,0.003339,0.004753,58.2456,,,,0.692041
2024-07-16,00940,72580004,744212092,10.26,10.28,10.23,10.25,0.0,13724,10.276,-0.00253,10.251,-9.8e-05,,,,,,,,0.007179,0.004107,0.003072,45.3044,,,,0.569988
2024-07-17,00940,90612735,926829243,10.25,10.26,10.19,10.2,-0.05,19034,10.252,-0.005072,10.255,-0.005363,,,,,,,,0.002393,0.003764,-0.001372,33.4365,45.6622,,,0.873246
2024-07-18,00940,179856425,1814540349,10.13,10.13,10.03,10.13,-0.07,36182,10.216,-0.008418,10.245,-0.011225,,,,,,,37.7778,-0.006969,0.001618,-0.008587,28.0637,35.6016,0.086429,,1.616437
2024-07-19,00940,160594716,1609711421,10.1,10.1,10.0,10.0,-0.13,38695,10.166,-0.016329,10.221,-0.021622,,,,,,,29.3103,-0.024594,-0.003625,-0.02097,14.3382,25.2795,0.085714,,1.315683
2024-07-22,00940,265408263,2603202273,9.99,10.0,9.71,9.8,-0.2,76717,10.076,-0.027392,10.178,-0.037139,,,,,,,23.6111,-0.054077,-0.013715,-0.040362,15.1042,19.1687,0.099286,,1.725554
2024-07-23,00940,80685959,799441823,9.85,9.93,9.85,9.92,0.12,19236,10.01,-0.008991,10.143,-0.021986,,,,,,,35.3659,-0.066988,-0.02437,-0.042618,15.625,15.0225,0.102857,,0.519109
2024-07-26,00940,147656576,1438694922,9.71,9.78,9.66,9.78,-0.14,43945,9.926,-0.014709,10.089,-0.030627,,,,,,,24.7191,-0.087507,-0.036997,-0.05051,22.0766,17.6019,0.114286,,0.885017
2024-07-29,00940,102441063,1004261754,9.88,9.92,9.74,9.75,-0.03,29523,9.85,-0.010152,10.033,-0.028207,,,,,,,23.0769,-0.10498,-0.050594,-0.054386,22.2278,19.9765,0.122857,,0.676816
2024-07-30,00940,171914126,1654019845,9.71,9.71,9.56,9.69,-0.06,51504,9.788,-0.010012,9.977,-0.028766,10.11,-0.041543,,,,,21.875,-0.122259,-0.064927,-0.057332,17.3088,20.5378,0.130714,,1.119078
2024-07-31,00940,57270041,554113987,9.66,9.73,9.61,9.72,0.03,17610,9.772,-0.005321,9.924,-0.020556,10.084,-0.036097,,,,,21.0526,-0.132011,-0.078344,-0.053667,18.4763,19.3376,0.131429,0.007505,0.511369
2024-08-01,00940,66132902,650754477,9.82,9.87,9.8,9.86,0.14,16542,9.76,0.010246,9.885,-0.002529,10.068,-0.02066,,,,,27.8846,-0.126979,-0.088071,-0.038908,31.1814,22.3222,0.137857,0.008358,0.606263
2024-08-02,00940,199101066,1925025908,9.72,9.74,9.62,9.63,-0.23,60733,9.73,-0.010277,9.828,-0.020147,10.0415,-0.04098,,,,,23.0159,-0.139936,-0.098444,-0.041492,29.4839,26.3805,0.151429,0.009673,1.667906
2024-08-05,00940,576526960,5212881052,9.46,9.48,8.92,8.92,-0.71,167304,9.564,-0.067336,9.707,-0.081076,9.976,-0.105854,,,,,15.1832,-0.205132,-0.119781,-0.08535,21.8648,27.5101,0.196429,0.018378,2.691674
2024-08-06,00940,292798976,2631394520,9.06,9.2,8.76,9.05,0.13,65558,9.436,-0.040907,9.612,-0.058469,9.9165,-0.08738,,,,,20.5882,-0.243503,-0.144526,-0.098977,12.5831,21.3106,0.223571,0.018919,1.228359
2024-08-07,00940,144519629,1340156655,9.12,9.39,9.08,9.38,0.33,30109,9.368,0.001281,9.57,-0.019854,9.874,-0.05003,,,,,31.6456,-0.244466,-0.164514,-0.079952,26.0782,20.1754,0.244286,0.02116,0.564936
2024-08-08,00940,93573140,870657267,9.2,9.31,9.15,9.24,0.0,21239,9.244,-0.000433,9.502,-0.027573,9.8225,-0.059303,,,,,30.4878,-0.253603,-0.182332,-0.071271,39.8713,26.1775,0.255714,0.021203,0.358101
2024-08-09,00940,88276456,832061346,9.4,9.48,9.37,9.4,0.16,20641,9.198,0.021961,9.464,-0.006762,9.7765,-0.038511,,,,,35.6863,-0.245107,-0.194887,-0.050221,50.8284,38.926,0.260714,0.021687,0.369143
2024-08-12,00940,77368263,739306353,9.45,9.6,9.45,9.55,0.15,17292,9.324,0.024239,9.444,0.011224,9.7385,-0.019356,,,,,41.2451,-0.223693,-0.200648,-0.023045,56.736,49.1453,0.265714,0.022154,0.555378
2024-08-13,00940,49212345,470553279,9.57,9.61,9.53,9.55,0.0,12341,9.424,0.01337,9.43,0.012725,9.7035,-0.015819,,,,,44.7257,-0.204365,-0.201391,-0.002974,66.6667,58.077,0.250714,0.022162,0.543243
2024-08-14,00940,71625921,691332869,9.62,9.69,9.61,9.64,0.09,13440,9.476,0.017307,9.422,0.023137,9.673,-0.003412,,,,,44.0171,-0.179715,-0.197056,0.017341,77.3794,66.9274,0.251429,0.022335,0.942307
2024-08-15,00940,42503417,409872360,9.67,9.69,9.6,9.61,-0.03,12293,9.55,0.006283,9.397,0.022667,9.641,-0.003215,,,,,46.1883,-0.160746,-0.189794,0.029048,84.1216,76.0559,0.239286,0.022325,0.645975
2024-08-16,00940,68837440,670099679,9.73,9.77,9.7,9.71,0.1,14079,9.612,0.010196,9.405,0.03243,9.6165,0.009723,,,,,49.1304,-0.136076,-0.17905,0.042974,91.7511,84.4174,0.237857,0.022517,1.111905
2024-08-19,00940,67096455,655345628,9.73,9.8,9.71,9.77,0.06,14235,9.656,0.011806,9.49,0.029505,9.5985,0.017867,,,,,51.7391,-0.110411,-0.165323,0.054912,93.7635,89.8787,0.230714,0.022564,1.120981
2024-08-20,00940,60790427,597449421,9.82,9.87,9.79,9.8,0.03,12593,9.706,0.009685,9.565,0.024569,9.5885,0.022058,,,,,51.7391,-0.086651,-0.149588,0.062937,93.3902,92.9683,0.229286,0.022426,0.977798
2024-08-21,00940,51886163,505820414,9.8,9.81,9.72,9.72,-0.08,14987,9.722,-0.000206,9.599,0.012605,9.5845,0.014137,,,,,46.875,-0.07343,-0.134357,0.060927,85.3704,90.8414,0.225,0.022044,0.891166
2024-08-22,00940,47252152,458675255,9.72,9.75,9.69,9.69,-0.03,12338,9.738,-0.004929,9.644,0.00477,9.573,0.012222,,,,,51.4706,-0.064628,-0.120411,0.055783,72.4735,83.7447,0.212143,0.021856,0.798549
2024-08-23,00940,49488281,477973043,9.66,9.71,9.61,9.7,0.01,11979,9.736,-0.003698,9.674,0.002688,9.569,0.01369,,,,,79.1045,-0.056198,-0.107568,0.05137,59.0476,72.2972,0.168571,0.021636,0.894862
2024-08-26,00940,60089261,588360883,9.75,9.84,9.73,9.74,0.04,14389,9.73,0.001028,9.693,0.004849,9.5685,0.017923,,,,,77.6,-0.045761,-0.095207,0.049445,52.9982,61.5065,0.147143,0.021646,1.114803
2024-08-27,00940,39042487,379241592,9.73,9.74,9.68,9.72,-0.02,9111,9.714,0.000618,9.71,0.00103,9.57,0.015674,,,,,68.0851,-0.038659,-0.083897,0.045238,48.7654,53.6038,0.127143,0.021602,0.787915
2024-08-28,00940,35814294,348327667,9.75,9.76,9.69,9.74,0.02,9766,9.718,0.002264,9.72,0.002058,9.571,0.017658,,,,,80.4878,-0.031058,-0.073329,0.042271,48.7654,50.1764,0.115714,0.021596,0.772904
2024-08-29,00940,52087916,505811035,9.67,9.77,9.66,9.75,0.01,11409,9.73,0.002055,9.734,0.001644,9.5655,0.019288,,,,,76.1194,-0.023952,-0.063454,0.039502,49.4302,48.987,0.106429,0.021343,1.101121
2024-08-30,00940,37068345,362580617,9.76,9.81,9.76,9.77,0.02,9400,9.744,0.002668,9.74,0.00308,9.5725,0.020632,,,,,70.3704,-0.016515,-0.054066,0.037551,55.1282,51.1079,0.096429,0.020648,0.827041
2024-09-02,00940,46363311,453612706,9.81,9.82,9.76,9.78,0.01,11893,9.752,0.002871,9.741,0.004004,9.6155,0.017108,,,,,70.9091,-0.009703,-0.045194,0.03549,63.0992,55.8859,0.095,0.010874,1.101914
2024-09-03,00940,51828156,506068524,9.78,9.79,9.74,9.75,-0.03,13211,9.758,-0.00082,9.736,0.001438,9.6505,0.01031,,,,,61.2245,-0.006649,-0.037485,0.030836,65.4404,61.2226,0.088571,0.010743,1.161223
2024-09-04,00940,205566849,1948997339,9.55,9.59,9.33,9.49,-0.26,57343,9.708,-0.022456,9.713,-0.022959,9.656,-0.017191,,,,,41.6667,-0.024921,-0.034972,0.010051,55.3851,61.3082,0.112143,0.009876,2.615923
2024-09-05,00940,75646959,716029958,9.48,9.52,9.4,9.42,0.0,26383,9.642,-0.023024,9.686,-0.027462,9.665,-0.025349,,,,,28.9855,-0.044536,-0.036885,-0.007651,36.6297,52.485,0.109286,0.009382,0.908184
2024-09-06,00940,43894227,414454893,9.43,9.49,9.36,9.44,0.02,14394,9.576,-0.014202,9.66,-0.022774,9.667,-0.023482,,,,,24.6154,-0.057801,-0.041068,-0.016733,23.8229,38.6125,0.112143,0.008572,0.518477
2024-09-09,00940,71067212,664708978,9.33,9.41,9.3,9.4,-0.04,23156,9.5,-0.010526,9.626,-0.023478,9.6595,-0.026865,,,,,19.697,-0.070727,-0.047,-0.023727,19.7756,26.7427,0.115,0.007777,0.793155
2024-09-10,00940,63046971,590639307,9.41,9.45,9.31,9.34,-0.06,23923,9.418,-0.008282,9.588,-0.025866,9.649,-0.032024,,,,,20.3125,-0.084834,-0.054567,-0.030267,16.4574,20.0186,0.118571,0.007874,0.686454
2024-09-11,00940,42749753,399143205,9.35,9.38,9.31,9.32,-0.02,14456,9.384,-0.00682,9.546,-0.023675,9.633,-0.032492,,,,,20.6349,-0.096515,-0.062956,-0.033559,10.2564,15.4965,0.119286,0.007477,0.721137
2024-09-12,00940,42043002,396815714,9.41,9.5,9.4,9.43,0.11,10103,9.386,0.004688,9.514,-0.008829,9.624,-0.020158,,,,,31.5068,-0.095792,-0.069523,-0.026269,12.1795,12.9644,0.125,0.008047,0.799901
2024-09-13,00940,29647025,280139553,9.45,9.47,9.43,9.44,0.01,10479,9.386,0.005753,9.481,-0.004324,9.6105,-0.017741,,,,,28.5714,-0.093336,-0.074286,-0.01905,19.1392,13.8584,0.117857,0.007614,0.59639
2024-09-16,00940,39753510,376628894,9.45,9.5,9.45,9.48,0.04,11416,9.402,0.008296,9.451,0.003068,9.596,-0.012088,,,,,33.3333,-0.087158,-0.07686,-0.010297,38.5468,23.2885,0.117857,0.007525,0.914966
2024-09-18,00940,44623261,423420920,9.48,9.52,9.46,9.47,-0.01,14541,9.428,0.004455,9.423,0.004988,9.5795,-0.011431,,,,,30.9859,-0.082121,-0.077912,-0.004209,55.971,37.8857,0.117143,0.00745,1.122222
2024-09-19,00940,46267428,440264121,9.47,9.56,9.45,9.53,0.06,9787,9.47,0.006336,9.427,0.010926,9.57,-0.00418,,,,,35.5263,-0.072453,-0.076821,0.004367,75.9344,56.8174,0.117143,0.007491,1.143342
2024-09-20,00940,51544532,494663702,9.57,9.62,9.56,9.56,0.03,13463,9.496,0.00674,9.441,0.012605,9.5635,-0.000366,,,,,36.3636,-0.06166,-0.073788,0.012129,82.3281,71.4112,0.119286,0.007528,1.216615
2024-09-23,00940,45161258,434954815,9.57,9.66,9.57,9.64,0.08,11325,9.536,0.010906,9.461,0.01892,9.5605,0.008315,,,,,41.6667,-0.046119,-0.068255,0.022136,87.9991,82.0872,0.122143,0.007788,0.99321
2024-09-24,00940,40115737,386462634,9.64,9.66,9.6,9.65,0.01,10438,9.57,0.008359,9.486,0.017289,9.556,0.009837,,,,,43.9024,-0.03262,-0.061128,0.028508,90.8929,87.0733,0.122857,0.007727,0.880843
2024-09-25,00940,92823664,905397568,9.71,9.78,9.71,9.76,0.11,16336,9.628,0.01371,9.528,0.024349,9.558,0.021134,9.746,0.001436,,,70.1493,-0.012897,-0.051481,0.038585,95.3885,91.4268,0.102143,0.008152,1.682121
2024-09-26,00940,122678382,1205539484,9.8,9.86,9.79,9.79,0.03,19685,9.68,0.011364,9.575,0.022454,9.5605,0.024005,9.7385,0.005288,,,79.3651,0.005096,-0.040166,0.045262,91.8669,92.7161,0.100714,0.008167,1.74099
2024-09-27,00940,79785136,784348675,9.83,9.89,9.8,9.81,0.02,15711,9.73,0.008222,9.613,0.020493,9.5635,0.025775,9.7323,0.00798,,,79.3651,0.02073,-0.027987,0.048717,86.7587,91.338,0.098571,0.008175,1.048248
2024-09-30,00940,68425792,665331869,9.78,9.79,9.68,9.68,-0.13,18927,9.738,-0.005956,9.637,0.004462,9.559,0.012658,9.7243,-0.004559,,,69.4444,0.022372,-0.017915,0.040287,72.6039,83.7432,0.097857,0.008706,0.847213
2024-10-01,00940,32990922,319608855,9.69,9.72,9.65,9.69,0.01,10070,9.746,-0.005746,9.658,0.003313,9.5545,0.014182,9.7153,-0.002608,,,76.1194,0.024202,-0.009492,0.033693,62.8788,74.0805,0.092857,0.008706,0.415813
2024-10-04,00940,99206544,950105588,9.6,9.63,9.55,9.58,-0.11,28959,9.71,-0.013388,9.669,-0.009205,9.546,0.003562,9.7043,-0.012812,,,67.1053,0.016584,-0.004276,0.020861,38.5472,58.01,0.097857,0.009029,1.230585
2024-10-07,00940,48560042,466350520,9.6,9.64,9.56,9.61,0.03,14757,9.674,-0.006616,9.677,-0.006924,9.552,0.006072,9.694,-0.008665,,,63.2353,0.012821,-0.000857,0.013678,27.0053,42.8105,0.090714,0.006702,0.738065
2024-10-08,00940,59642195,570200046,9.59,9.6,9.53,9.58,-0.03,16502,9.628,-0.004985,9.679,-0.010228,9.56,0.002092,9.6825,-0.010586,,,60.0,0.007332,0.000781,0.006552,13.4532,26.3352,0.093571,0.006498,0.965629
2024-10-09,00940,37633764,358855403,9.57,9.57,9.51,9.51,0.0,12784,9.594,-0.008755,9.666,-0.016139,9.5635,-0.005594,9.669,-0.016444,,,52.0548,-0.002635,9.8e-05,-0.002733,10.512,16.9902,0.094286,0.006739,0.676785
2024-10-11,00940,43232196,413660041,9.52,9.59,9.52,9.56,0.05,10720,9.568,-0.000836,9.657,-0.010045,9.5715,-0.001201,9.6565,-0.009993,,,55.8442,-0.006426,-0.001207,-0.005219,9.0156,10.9936,0.095714,0.00673,0.749844
2024-10-14,00940,48660116,465899648,9.56,9.6,9.55,9.59,0.03,10645,9.57,0.00209,9.64,-0.005187,9.584,0.000626,9.6455,-0.005754,,,54.0541,-0.006929,-0.002351,-0.004578,11.4035,10.3104,0.091429,0.006524,1.02344
2024-10-15,00940,94790111,917401230,9.6,9.7,9.6,9.68,0.09,16514,9.584,0.010017,9.629,0.005297,9.602,0.008123,9.636,0.004566,,,57.5,-6.5e-05,-0.001894,0.001829,31.6416,17.3536,0.092857,0.006707,1.669085
2024-10-16,00940,50271430,485873685,9.62,9.7,9.59,9.66,-0.02,12571,9.6,0.00625,9.614,0.004785,9.6135,0.004837,9.6262,0.003515,,,51.3514,0.003718,-0.000772,0.00449,51.0652,31.3701,0.093571,0.006338,0.915399
2024-10-17,00940,68065593,661172453,9.68,9.73,9.68,9.71,0.05,10562,9.64,0.007261,9.617,0.00967,9.627,0.008622,9.618,0.009565,,,53.8462,0.010628,0.001508,0.00912,74.3506,52.3525,0.094286,0.006399,1.115758
2024-10-18,00940,101395242,989989714,9.76,9.79,9.7,9.71,0.0,13576,9.67,0.004137,9.619,0.00946,9.6385,0.007418,9.611,0.010301,,,46.2687,0.015921,0.004391,0.01153,77.9221,67.7793,0.091429,0.006371,1.395927
2024-10-21,00940,65060751,634426350,9.75,9.78,9.72,9.74,0.03,9836,9.7,0.004124,9.635,0.010898,9.652,0.009117,9.6067,0.013879,,,46.2687,0.02228,0.007969,0.014311,81.4935,77.9221,0.089286,0.006361,0.857003
2024-10-22,00940,77829202,759215054,9.72,9.78,9.69,9.78,0.04,12095,9.72,0.006173,9.652,0.013262,9.6645,0.011951,9.6063,0.018078,,,47.8261,0.030198,0.012414,0.017784,83.3333,80.9163,0.088571,0.006289,1.073144
2024-10-23,00940,34403940,335384245,9.76,9.78,9.71,9.73,-0.05,8699,9.734,-0.000411,9.667,0.006517,9.673,0.005893,9.6032,0.013207,,,54.0984,0.03207,0.016346,0.015724,85.4497,83.4255,0.084286,0.006432,0.496085
2024-10-24,00940,122573553,1182848985,9.66,9.68,9.62,9.63,-0.1,16592,9.718,-0.009055,9.679,-0.005063,9.6725,-0.004394,9.6007,0.003055,,,45.7143,0.025193,0.018115,0.007078,69.1799,79.321,0.087143,0.006641,1.527348
2024-10-25,00940,64599520,623464475,9.62,9.68,9.62,9.64,0.01,8932,9.704,-0.006595,9.687,-0.004852,9.672,-0.003309,9.5988,0.004289,,,55.0,0.020316,0.018555,0.001761,45.3704,66.6667,0.081429,0.006641,0.886219
2024-10-28,00940,70853522,684601443,9.66,9.7,9.63,9.64,0.0,10599,9.684,-0.004544,9.692,-0.005365,9.666,-0.00269,9.598,0.004376,,,52.6316,0.016264,0.018097,-0.001833,27.7778,47.4427,0.080714,0.006073,0.956808
2024-10-29,00940,86778739,826082899,9.6,9.61,9.48,9.52,-0.12,21047,9.632,-0.011628,9.676,-0.016122,9.6525,-0.013727,9.5947,-0.007782,,,45.4545,0.003331,0.015144,-0.011813,20.9677,31.372,0.086429,0.006552,1.144206
2024-10-30,00940,42491602,404181608,9.55,9.57,9.48,9.5,-0.02,11772,9.586,-0.008971,9.66,-0.016563,9.637,-0.014216,9.5887,-0.009247,,,49.1803,-0.008435,0.010428,-0.018863,14.7849,21.1768,0.087857,0.006503,0.548566
2024-11-01,00940,64644967,607705239,9.35,9.5,9.28,9.5,0.0,15655,9.56,-0.006276,9.639,-0.014421,9.628,-0.013295,9.5865,-0.009023,,,44.6429,-0.017558,0.004831,-0.022388,21.1183,18.957,0.097857,0.005899,0.981348
2024-11-04,00940,43993283,416719167,9.5,9.5,9.45,9.48,-0.02,12371,9.528,-0.005038,9.616,-0.014143,9.6175,-0.014297,9.5958,-0.012071,,,40.0,-0.0261,-0.001355,-0.024745,30.1505,22.0179,0.097857,0.005886,0.712414
2024-11-05,00940,33089645,313189881,9.46,9.5,9.44,9.47,-0.01,10700,9.494,-0.002528,9.589,-0.01241,9.612,-0.014773,9.6028,-0.013833,,,27.6596,-0.033293,-0.007743,-0.02555,40.6667,30.6452,0.094286,0.005367,0.610514
2024-11-06,00940,54126927,514359625,9.47,9.53,9.47,9.5,0.03,11204,9.49,0.001054,9.561,-0.00638,9.6065,-0.011086,9.6048,-0.010915,,,33.3333,-0.036156,-0.013426,-0.022731,43.4603,38.0925,0.090714,0.005369,1.135468
2024-11-07,00940,57389187,547004053,9.47,9.58,9.45,9.55,0.0,11558,9.5,0.005263,9.543,0.000734,9.605,-0.005726,9.61,-0.006243,,,33.3333,-0.033999,-0.01754,-0.016459,51.5556,45.2275,0.095,0.005484,1.133081
2024-11-08,00940,57868675,555224805,9.58,9.62,9.53,9.55,0.0,11053,9.51,0.004206,9.535,0.001573,9.607,-0.005933,9.6125,-0.006502,,,33.3333,-0.031921,-0.020416,-0.011505,60.3175,51.7778,0.095,0.005219,1.173961
2024-11-11,00940,45738905,436658970,9.55,9.58,9.51,9.57,0.02,9552,9.528,0.004408,9.528,0.004408,9.6075,-0.003903,9.6128,-0.004456,,,31.9149,-0.028334,-0.022,-0.006334,71.2885,61.0538,0.095,0.005105,0.921363
2024-11-12,00940,43208323,410562572,9.52,9.54,9.48,9.48,-0.09,12350,9.53,-0.005247,9.512,-0.003364,9.602,-0.012706,9.6117,-0.013699,,,21.1538,-0.03238,-0.024076,-0.008304,69.4678,67.0246,0.095,0.005465,0.836294
2024-11-13,00940,45009204,426674351,9.48,9.52,9.44,9.49,0.01,10150,9.528,-0.003988,9.509,-0.001998,9.5925,-0.010685,9.6092,-0.012401,,,25.0,-0.034383,-0.026137,-0.008246,68.6275,69.7946,0.095714,0.004962,0.903022
2024-11-14,00940,43172658,407774516,9.47,9.5,9.42,9.42,-0.07,12222,9.502,-0.00863,9.501,-0.008525,9.5805,-0.016753,9.606,-0.019363,,,26.6667,-0.041145,-0.029139,-0.012006,40.1961,59.4304,0.093571,0.005161,0.918576
2024-11-15,00940,40767922,386475615,9.42,9.51,9.42,9.47,0.05,8604,9.486,-0.001687,9.498,-0.002948,9.5685,-0.010294,9.602,-0.013747,,,32.6531,-0.041985,-0.031708,-0.010277,28.9216,45.915,0.095714,0.00517,0.935486
2024-11-18,00940,31746947,299940645,9.45,9.47,9.42,9.43,-0.04,9383,9.458,-0.00296,9.493,-0.006636,9.5545,-0.013031,9.5963,-0.017333,,,30.1887,-0.045356,-0.034438,-0.010918,10.0,26.3725,0.094286,0.005203,0.778474
2024-11-19,00940,42392605,402451127,9.43,9.53,9.43,9.51,0.08,9843,9.464,0.004861,9.497,0.001369,9.543,-0.003458,9.5915,-0.008497,,,48.9796,-0.041098,-0.03577,-0.005328,25.0,21.3072,0.09,0.005577,1.043694
2024-11-20,00940,32303503,307471205,9.51,9.55,9.48,9.51,0.0,10842,9.468,0.004436,9.498,0.001263,9.5295,-0.002046,9.588,-0.008135,,,51.0638,-0.037294,-0.036075,-0.001219,31.6667,22.2222,0.088571,0.005446,0.848379
2024-11-21,00940,21488157,203403181,9.46,9.5,9.44,9.47,-0.04,8164,9.478,-0.000844,9.49,-0.002107,9.5165,-0.004886,9.5843,-0.011929,,,47.0588,-0.037079,-0.036276,-0.000804,40.4167,32.3611,0.077857,0.005417,0.636878
2024-11-22,00940,28904603,274757700,9.47,9.54,9.47,9.49,0.02,7149,9.482,0.000844,9.484,0.000633,9.5095,-0.002051,9.5808,-0.009481,,,50.9804,-0.034893,-0.035999,0.001106,43.3654,38.4829,0.079286,0.005036,0.921492
2024-11-25,00940,23250381,221146431,9.52,9.58,9.48,9.48,-0.01,7893,9.492,-0.001264,9.475,0.000528,9.5015,-0.002263,9.5765,-0.010077,,,50.9804,-0.033581,-0.035515,0.001935,40.8654,41.5491,0.082143,0.005019,0.783689
2024-11-26,00940,31614254,298907728,9.46,9.49,9.42,9.44,-0.04,9652,9.478,-0.004009,9.471,-0.003273,9.4915,-0.005426,9.5718,-0.013773,,,44.2308,-0.03536,-0.035484,0.000124,34.6154,39.6154,0.082857,0.005071,1.1491
2024-11-27,00940,67413074,632563569,9.44,9.45,9.35,9.36,-0.08,23511,9.448,-0.009314,9.458,-0.010362,9.4835,-0.013023,9.5655,-0.021483,,,32.7273,-0.042733,-0.036934,-0.005799,18.1159,31.1989,0.080714,0.004662,1.952073
2024-11-28,00940,61772686,574163085,9.36,9.36,9.25,9.29,-0.07,20043,9.412,-0.012962,9.445,-0.016411,9.473,-0.019318,9.5578,-0.028022,,,29.0323,-0.053607,-0.040269,-0.013338,9.6563,20.7959,0.082143,0.004888,1.450369
2024-11-29,00940,31012625,288806827,9.28,9.35,9.22,9.33,0.04,9858,9.38,-0.00533,9.431,-0.010709,9.4645,-0.014211,9.5505,-0.023088,,,31.25,-0.058325,-0.04388,-0.014445,15.6749,14.4824,0.086429,0.005032,0.721012
2024-12-02,00940,58646181,552863987,9.34,9.47,9.34,9.45,0.12,11196,9.374,0.008108,9.433,0.001802,9.463,-0.001374,9.545,-0.009953,,,47.7612,-0.051783,-0.045461,-0.006323,35.5219,20.2844,0.09,0.005883,1.170775
2024-12-03,00940,66415800,630728327,9.51,9.55,9.45,9.46,0.01,11124,9.378,0.008744,9.428,0.003394,9.4625,-0.000264,9.5402,-0.008403,,,47.7612,-0.045271,-0.045423,0.000152,53.7037,34.9668,0.091429,0.005885,1.164126
2024-12-04,00940,46860281,443687595,9.46,9.5,9.44,9.49,0.03,8960,9.404,0.009145,9.426,0.00679,9.462,0.002959,9.5402,-0.005258,,,55.5556,-0.037259,-0.04379,0.006531,68.5185,52.5814,0.09,0.005885,0.885133
2024-12-05,00940,70780185,673218554,9.49,9.53,9.49,9.51,0.02,12346,9.448,0.006562,9.43,0.008484,9.46,0.005285,9.5417,-0.003319,,,53.3333,-0.028962,-0.040824,0.011862,74.0741,65.4321,0.086429,0.005776,1.292954
2024-12-06,00940,56486050,538733753,9.51,9.57,9.5,9.51,0.0,11073,9.484,0.002741,9.432,0.00827,9.458,0.005498,9.5428,-0.003441,,,57.1429,-0.022131,-0.037086,0.014954,79.4709,74.0212,0.087857,0.005776,0.943988
2024-12-09,00940,70691048,675427014,9.51,9.57,9.51,9.56,0.05,11957,9.506,0.005681,9.44,0.012712,9.4575,0.010838,9.5455,0.001519,,,54.717,-0.012539,-0.032176,0.019637,86.8519,80.1323,0.085,0.005885,1.13566
2024-12-10,00940,39829419,379857643,9.55,9.59,9.51,9.52,-0.04,11365,9.518,0.00021,9.448,0.007621,9.4595,0.006396,9.5485,-0.002985,,,50.8772,-0.008072,-0.027355,0.019284,87.027,84.4499,0.085714,0.005554,0.699628
2024-12-11,00940,41578640,391956731,9.45,9.45,9.4,9.4,0.0,11203,9.5,-0.010526,9.452,-0.005501,9.455,-0.005817,9.5498,-0.01569,,,44.6154,-0.014052,-0.024695,0.010643,75.6242,83.1677,0.089286,0.006243,0.744162
2024-12-12,00940,35304876,333533622,9.43,9.47,9.42,9.43,0.03,9378,9.484,-0.005694,9.466,-0.003803,9.4555,-0.002697,9.5498,-0.012548,,,45.4545,-0.016185,-0.022993,0.006808,55.2432,72.6315,0.089286,0.006072,0.723787
2024-12-13,00940,33319728,312791197,9.43,9.43,9.36,9.39,-0.04,9963,9.46,-0.0074,9.472,-0.008657,9.4515,-0.006507,9.549,-0.016651,,,43.4783,-0.020862,-0.022567,0.001705,32.564,54.4772,0.087143,0.006014,0.754784
2024-12-16,00940,53037781,496950333,9.41,9.45,9.31,9.31,-0.08,15099,9.41,-0.010627,9.458,-0.015648,9.4455,-0.014345,9.5462,-0.024739,,,41.0959,-0.03067,-0.024187,-0.006483,16.3478,34.7184,0.092143,0.00623,1.305896
2024-12-17,00940,32757510,306362764,9.31,9.39,9.31,9.34,0.03,8029,9.374,-0.003627,9.446,-0.011222,9.437,-0.010279,9.544,-0.021375,,,48.5294,-0.035612,-0.026472,-0.00914,7.9193,18.9437,0.090714,0.005929,0.835657
2024-12-18,00940,90702889,848506946,9.3,9.41,9.3,9.39,0.05,16074,9.372,0.001921,9.436,-0.004875,9.431,-0.004347,9.5417,-0.015895,,,57.5758,-0.035089,-0.028196,-0.006894,13.9163,12.7278,0.090714,0.00609,1.850152
2024-12-19,00940,49748907,463754717,9.3,9.35,9.24,9.33,-0.06,12106,9.352,-0.002352,9.418,-0.009344,9.424,-0.009975,9.5378,-0.02179,,,50.0,-0.039067,-0.03037,-0.008697,22.4877,14.7744,0.092143,0.006176,0.958306
2024-12-20,00940,35904187,334578528,9.33,9.35,9.28,9.31,-0.02,8950,9.336,-0.002785,9.398,-0.009364,9.415,-0.011152,9.5323,-0.023324,,,37.931,-0.043333,-0.032962,-0.01037,25.5829,20.6623,0.087143,0.006147,0.684799
2024-12-23,00940,54995321,515560951,9.35,9.4,9.34,9.38,0.07,11084,9.35,0.003209,9.38,0.0,9.41,-0.003188,9.5278,-0.015516,,,43.75,-0.040597,-0.034489,-0.006108,35.528,27.8662,0.086429,0.006431,1.041149
2024-12-24,00940,56937864,537900228,9.41,9.47,9.41,9.44,0.06,12056,9.37,0.007471,9.372,0.007256,9.41,0.003188,9.5225,-0.008664,9.6343,-0.020162,46.2687,-0.033205,-0.034233,0.001027,55.942,39.0176,0.088571,0.006546,0.987513
2024-12-25,00940,28806825,272141001,9.45,9.48,9.42,9.44,0.0,7720,9.38,0.006397,9.376,0.006826,9.414,0.002762,9.5167,-0.008056,9.6276,-0.019484,44.6154,-0.027035,-0.032793,0.005758,77.0531,56.1744,0.09,0.006234,0.636213
2024-12-26,00940,65747738,623072851,9.45,9.5,9.44,9.49,0.05,11299,9.412,0.008287,9.382,0.011511,9.424,0.007003,9.5113,-0.002243,9.6218,-0.013701,48.5714,-0.017904,-0.029815,0.011911,88.8146,73.9366,0.089286,0.00603,1.356228
2024-12-27,00940,30679577,290987888,9.48,9.5,9.47,9.47,-0.02,7687,9.444,0.002753,9.39,0.00852,9.431,0.004135,9.5078,-0.003979,9.6161,-0.015192,43.2836,-0.012142,-0.026281,0.014139,89.3162,85.0613,0.087143,0.00602,0.646792
2024-12-30,00940,28284694,267326820,9.45,9.47,9.43,9.44,-0.03,6491,9.456,-0.001692,9.403,0.003935,9.4305,0.001007,9.5037,-0.006699,9.6095,-0.017639,43.9394,-0.009882,-0.023001,0.013119,87.1795,88.4368,0.084286,0.005355,0.671984
2024-12-31,00940,27566073,259269664,9.4,9.43,9.38,9.41,-0.03,7345,9.45,-0.004233,9.41,0.0,9.428,-0.001909,9.5008,-0.009561,9.6026,-0.020055,50.8772,-0.010392,-0.020479,0.010087,76.9231,84.4729,0.08,0.005393,0.761137
2025-01-02,00940,51343615,482638949,9.38,9.43,9.36,9.4,0.0,8528,,,,,,,,,,,,0.0,0.0,0.0,,,,,
2025-01-03,00940,47798052,450680371,9.4,9.46,9.4,9.41,0.01,8400,,,,,,,,,,,,0.000798,0.00016,0.000638,,,,,
2025-01-06,00940,92222943,874559973,9.45,9.5,9.45,9.47,0.06,17738,,,,,,,,,,,,0.0062,0.001368,0.004832,,,,,
2025-01-07,00940,101706019,966387901,9.48,9.53,9.48,9.5,0.03,14450,,,,,,,,,,,,0.012755,0.003645,0.00911,,,,,
2025-01-08,00940,44030008,418255367,9.48,9.51,9.48,9.49,-0.01,7718,9.454,0.003808,,,,,,,,,,0.016948,0.006306,0.010642,,,,,0.653069
2025-01-09,00940,39270920,368175567,9.45,9.49,9.32,9.32,-0.17,11537,9.438,-0.012503,,,,,,,,,,0.006478,0.00634,0.000138,,,,,0.604116
2025-01-10,00940,35816202,332854539,9.31,9.33,9.28,9.29,-0.03,11769,9.414,-0.013172,,,,,,,,,,-0.004192,0.004234,-0.008425,,,,,0.57206
2025-01-13,00940,77963705,712348493,9.29,9.29,9.08,9.12,-0.17,24151,9.344,-0.023973,,,,,,,,,,-0.026064,-0.001826,-0.024239,,,,,1.304671
2025-01-14,00940,26108622,238593511,9.12,9.17,9.1,9.16,0.04,8075,9.276,-0.012505,,,,,,,,,,-0.039713,-0.009403,-0.03031,,,,,0.584898
2025-01-15,00940,24441456,223765161,9.16,9.2,9.11,9.12,-0.04,10025,9.202,-0.008911,9.328,-0.022298,,,,,,,,-0.053145,-0.018152,-0.034994,,,,,0.60023
2025-01-16,00940,29759731,273828672,9.2,9.24,9.18,9.18,0.06,8011,9.174,0.000654,9.306,-0.01354,,,,,,,,-0.058277,-0.026177,-0.0321,16.2963,,,,0.766649
2025-01-17,00940,24800210,228038240,9.18,9.22,9.17,9.19,0.01,6811,9.154,0.003933,9.284,-0.010125,,,,,,,,-0.060836,-0.033109,-0.027727,18.5185,,,,0.677328
2025-01-20,00940,31253920,288321425,9.19,9.24,9.19,9.23,0.04,7558,9.176,0.005885,9.26,-0.00324,,,,,,,,-0.058956,-0.038278,-0.020678,27.1835,20.6661,,,1.145975
2025-01-21,00940,22773145,210616097,9.23,9.27,9.22,9.25,0.02,5130,9.194,0.006091,9.235,0.001624,,,,,,,39.1304,-0.055216,-0.041666,-0.013551,33.5972,26.4331,0.083571,,0.85595
2025-01-22,00940,35699915,331431320,9.25,9.31,9.25,9.3,0.05,10107,9.23,0.007584,9.216,0.009115,,,,,,,43.2432,-0.047668,-0.042866,-0.004802,54.7824,38.521,0.082857,,1.237115
2025-02-03,00940,40902659,375884483,9.17,9.25,9.11,9.22,-0.08,15164,9.238,-0.001948,9.206,0.001521,,,,,,,38.2716,-0.047593,-0.043812,-0.003782,63.4443,50.608,0.092143,,1.315792
2025-02-04,00940,36990486,341149160,9.23,9.28,9.18,9.18,-0.04,9349,9.236,-0.006063,9.195,-0.001631,,,,,,,31.6456,-0.050183,-0.045086,-0.005097,62.3216,60.1828,0.092857,,1.103402
2025-02-05,00940,38832822,361305618,9.23,9.34,9.23,9.3,0.12,8592,9.25,0.005405,9.213,0.009443,,,,,,,38.6364,-0.042067,-0.044482,0.002415,60.5245,62.0968,0.1,,1.108249
2025-02-06,00940,38898691,361775898,9.3,9.32,9.28,9.3,0.0,10155,9.26,0.00432,9.227,0.007912,,,,,,,39.0805,-0.03523,-0.042632,0.007402,67.7709,63.539,0.100714,,1.016563
2025-02-07,00940,37054966,344841896,9.3,9.32,9.29,9.31,0.01,9056,9.262,0.005182,9.246,0.006922,9.287,0.002477,,,,,49.2958,-0.028673,-0.03984,0.011167,84.058,70.7844,0.090714,,0.961569
2025-02-10,00940,40670066,377822174,9.27,9.31,9.27,9.3,-0.01,7963,9.278,0.002371,9.258,0.004537,9.282,0.001939,,,,,50.7246,-0.024007,-0.036673,0.012666,84.058,78.6289,0.09,0.007662,1.056656
2025-02-11,00940,37413126,348958721,9.31,9.36,9.31,9.32,0.02,7175,9.306,0.001504,9.271,0.005285,9.2775,0.004581,,,,,68.5185,-0.018483,-0.033035,0.014553,84.5217,84.2126,0.079286,0.007678,0.969907
2025-02-12,00940,39366880,368002941,9.34,9.38,9.31,9.31,-0.01,7971,9.308,0.000215,9.279,0.003341,9.2695,0.004369,,,,,64.7059,-0.014741,-0.029377,0.014635,80.2276,82.9358,0.079286,0.007508,1.017738
2025-02-13,00940,80807075,758433808,9.31,9.41,9.3,9.4,0.09,11299,9.328,0.007719,9.294,0.011405,9.2645,0.014626,,,,,75.0,-0.004463,-0.024394,0.019931,84.9136,83.221,0.080714,0.007824,1.717019
2025-02-14,00940,48379869,454768081,9.38,9.42,9.38,9.39,-0.01,7125,9.344,0.004923,9.303,0.009352,9.2595,0.014094,,,,,70.5882,0.002843,-0.018946,0.02179,86.0802,83.7405,0.075,0.007824,0.980791
2025-02-17,00940,81637805,772085454,9.4,9.48,9.39,9.47,0.08,11642,9.378,0.00981,9.328,0.015223,9.267,0.021906,,,,,74.1379,0.014917,-0.012174,0.027091,93.3889,88.1276,0.077857,0.006907,1.419271
2025-02-18,00940,88480913,840184448,9.47,9.51,9.47,9.5,0.03,11984,9.414,0.009135,9.36,0.014957,9.2775,0.023983,,,,,73.6842,0.0266,-0.004419,0.031019,93.1111,90.8601,0.077143,0.006857,1.30629
2025-02-19,00940,100712165,961633084,9.49,9.58,9.48,9.53,0.03,15153,9.458,0.007613,9.383,0.015667,9.298,0.024952,,,,,74.1379,0.037843,0.004033,0.033809,91.9014,92.8005,0.080714,0.005112,1.258846
2025-02-20,00940,56085135,535179404,9.52,9.56,9.52,9.54,0.01,8926,9.486,0.005693,9.407,0.014138,9.317,0.023935,,,,,72.2222,0.047018,0.01263,0.034388,88.9337,91.3154,0.079286,0.005092,0.747212
2025-02-21,00940,86492059,827867836,9.53,9.59,9.53,9.58,0.04,11958,9.524,0.00588,9.434,0.015476,9.34,0.025696,,,,,86.0,0.056861,0.021476,0.035385,89.1732,90.0028,0.07,0.00488,1.046086
2025-02-24,00940,108931577,1045018806,9.52,9.63,9.51,9.62,0.04,16527,9.554,0.006908,9.466,0.016269,9.362,0.027558,,,,,94.0,0.067116,0.030604,0.036512,93.5394,90.5487,0.071429,0.004803,1.235887
2025-02-25,00940,66951776,643454503,9.6,9.64,9.55,9.61,-0.01,9880,9.576,0.003551,9.495,0.012112,9.383,0.024193,,,,,89.7436,0.073588,0.039201,0.034387,94.8993,92.5373,0.066429,0.004855,0.798618
2025-02-26,00940,69474138,668489291,9.6,9.65,9.56,9.64,0.03,10194,9.598,0.004376,9.528,0.011755,9.4035,0.02515,,,,,90.4762,0.080214,0.047404,0.03281,94.8142,94.4176,0.07,0.004835,0.895436
2025-02-27,00940,53362302,513082695,9.65,9.67,9.55,9.56,-0.08,8920,9.602,-0.004374,9.544,0.001676,9.419,0.01497,,,,,75.5102,0.078109,0.053545,0.024564,82.729,90.8142,0.076429,0.005374,0.692636
2025-03-03,00940,41278112,391547278,9.49,9.53,9.45,9.48,-0.08,8553,9.582,-0.010645,9.553,-0.007642,9.428,0.005515,,,,,66.0714,0.069187,0.056673,0.012514,56.8823,78.1418,0.081429,0.005739,0.607035
2025-03-04,00940,71343552,676184922,9.43,9.54,9.38,9.52,0.04,8146,9.562,-0.004392,9.558,-0.003976,9.443,0.008154,,,,,67.2414,0.0646,0.058259,0.006341,40.8755,60.1623,0.088571,0.005313,1.179584
2025-03-05,00940,70258997,673436658,9.52,9.61,9.52,9.59,0.07,9763,9.558,0.003348,9.567,0.002404,9.4635,0.013367,,,,,71.875,0.065854,0.059778,0.006076,44.7753,47.5111,0.09,0.005267,1.149085
2025-03-06,00940,66730592,642297349,9.6,9.65,9.6,9.62,0.03,8767,9.554,0.006908,9.576,0.004595,9.4795,0.014821,,,,,68.9655,0.068479,0.061518,0.006961,67.8161,51.1556,0.086429,0.004615,1.101261
2025-03-07,00940,27800277,266153502,9.58,9.6,9.55,9.58,-0.04,5198,9.558,0.002302,9.58,0.0,9.4935,0.009111,,,,,65.5738,0.066565,0.062527,0.004037,74.7126,62.4347,0.088571,0.004787,0.501066
2025-03-10,00940,40400476,385567050,9.57,9.58,9.51,9.54,-0.04,7202,9.57,-0.003135,9.576,-0.003759,9.505,0.003682,,,,,56.1404,0.061115,0.062245,-0.00113,68.9655,70.4981,0.087143,0.004952,0.73048
2025-03-11,00940,55881503,524912943,9.41,9.45,9.33,9.43,0.0,10213,9.552,-0.012772,9.557,-0.013289,9.5115,-0.008569,,,,,44.6154,0.047374,0.059271,-0.011897,51.1832,64.9538,0.099286,0.005703,1.070232
2025-03-12,00940,38167931,361233347,9.4,9.5,9.4,9.45,0.02,6814,9.524,-0.00777,9.541,-0.009538,9.518,-0.007144,,,,,43.75,0.037664,0.054949,-0.017285,39.9594,53.3694,0.099286,0.005703,0.833431
2025-03-13,00940,47789092,452960511,9.49,9.54,9.38,9.38,-0.07,7303,9.476,-0.010131,9.515,-0.014188,9.5215,-0.014861,,,,,38.5714,0.024043,0.048768,-0.024725,26.777,39.3065,0.107857,0.005976,1.137623
2025-03-14,00940,34753869,325572040,9.38,9.4,9.35,9.36,-0.02,6803,9.432,-0.007634,9.495,-0.014218,9.5195,-0.016755,,,,,33.8235,0.011502,0.041315,-0.029813,20.098,28.9448,0.107143,0.005582,0.800807
2025-03-17,00940,38744022,364599848,9.37,9.44,9.37,9.4,0.04,6073,9.404,-0.000425,9.487,-0.00917,9.52,-0.012605,,,,,33.8235,0.004736,0.033999,-0.029263,15.625,20.8333,0.104286,0.005665,0.899616
2025-03-18,00940,46553068,441207393,9.42,9.5,9.42,9.48,0.08,6239,9.414,0.007011,9.483,-0.000316,9.5205,-0.004254,,,,,41.3333,0.005763,0.028352,-0.022589,26.0417,20.5882,0.105,0.005665,1.129885
2025-03-19,00940,35055136,332651673,9.48,9.52,9.43,9.43,-0.05,6694,9.41,0.002125,9.467,-0.003908,9.517,-0.009142,,,,,36.3636,0.002513,0.023184,-0.020671,35.2623,25.643,0.105,0.005736,0.863873
2025-03-20,00940,52820476,502340080,9.45,9.54,9.45,9.52,0.09,8478,9.438,0.008688,9.457,0.006662,9.5165,0.000368,,,,,47.4359,0.007118,0.019971,-0.012853,53.304,38.2027,0.104286,0.006107,1.270171
2025-03-21,00940,30717867,292187666,9.52,9.53,9.49,9.5,-0.02,4255,9.466,0.003592,9.449,0.005397,9.5145,-0.001524,,,,,51.3889,0.009049,0.017787,-0.008737,64.6631,51.0765,0.099286,0.006118,0.753293
2025-03-24,00940,24756587,235178373,9.52,9.55,9.44,9.44,-0.06,5162,9.474,-0.003589,9.439,0.000106,9.5075,-0.0071,,,,,44.5946,0.005673,0.015364,-0.009691,67.3175,61.7615,0.095714,0.006173,0.651821
2025-03-25,00940,20865095,197468865,9.49,9.52,9.43,9.45,0.01,3953,9.468,-0.001901,9.441,0.000953,9.499,-0.005158,,,,,39.7059,0.003761,0.013043,-0.009283,58.6508,63.5438,0.095714,0.006082,0.635297
2025-03-26,00940,28022397,265733016,9.47,9.51,9.46,9.49,0.04,4033,9.48,0.001055,9.445,0.004764,9.493,-0.000316,,,,,40.5797,0.005411,0.011517,-0.006106,55.0,60.3228,0.095714,0.006187,0.891397
2025-03-27,00940,22012971,207349173,9.43,9.44,9.4,9.43,-0.06,7973,9.462,-0.003382,9.45,-0.002116,9.4825,-0.005537,,,,,39.4366,0.001855,0.009584,-0.007729,51.1111,54.9206,0.097143,0.006248,0.870939
2025-03-28,00940,42270928,394044681,9.4,9.4,9.28,9.31,-0.12,13298,9.424,-0.012097,9.445,-0.014293,9.47,-0.016895,,,,,35.443,-0.010524,0.005563,-0.016087,38.1481,48.0864,0.102857,0.006586,1.532355
2025-03-31,00940,103208525,938630728,9.18,9.18,9.04,9.06,-0.25,27675,9.348,-0.030809,9.411,-0.037297,9.449,-0.041168,,,,,30.1075,-0.040046,-0.003559,-0.036487,16.122,35.1271,0.107143,0.008614,2.384892
2025-04-01,00940,29212882,267341644,9.1,9.2,9.1,9.19,0.13,8038,9.296,-0.011403,9.382,-0.020465,9.4325,-0.025709,,,,,37.5,-0.052349,-0.013317,-0.039032,14.8148,23.0283,0.11,0.009285,0.649962
2025-04-02,00940,29819704,273988204,9.19,9.22,9.17,9.19,0.0,5258,9.236,-0.004981,9.358,-0.017953,9.4125,-0.023639,,,,,40.2062,-0.061392,-0.022932,-0.03846,20.915,17.284,0.102143,0.009049,0.658199
2025-04-07,00940,41146770,340753008,8.28,8.28,8.28,8.28,-0.91,19220,9.006,-0.080613,9.234,-0.103314,9.3455,-0.114012,,,,,20.9677,-0.140369,-0.04642,-0.09395,19.6078,18.4459,0.163571,0.023399,0.837478
2025-04-08,00940,163457791,1285227980,7.62,8.01,7.61,7.93,-0.35,35619,8.73,-0.091638,9.077,-0.126363,9.263,-0.143906,,,,,16.129,-0.228567,-0.082849,-0.145718,15.3886,18.6371,0.205714,0.024657,2.227882
2025-04-09,00940,149387519,1136194669,7.85,7.87,7.32,7.36,-0.57,35808,8.39,-0.122765,8.869,-0.170143,9.154,-0.19598,9.3153,-0.209905,,,10.1504,-0.340533,-0.134386,-0.206147,6.1935,13.73,0.242143,0.02832,1.808458
2025-04-10,00940,25179282,202944780,8.06,8.06,8.06,8.06,0.0,5232,8.164,-0.012739,8.73,-0.076747,9.0855,-0.112872,9.293,-0.132681,,,29.3051,-0.368535,-0.181216,-0.187319,17.8287,13.1369,0.285714,0.037167,0.307822
2025-04-11,00940,96502690,784968955,7.93,8.35,7.79,8.35,0.29,14775,7.996,0.044272,8.616,-0.030873,9.0305,-0.075356,9.2753,-0.099763,,,33.3333,-0.363139,-0.2176,-0.145539,28.7505,17.5909,0.317857,0.038363,1.014378
2025-04-14,00940,56860421,483951005,8.51,8.65,8.4,8.42,0.07,10513,8.024,0.049352,8.515,-0.011157,8.9825,-0.062622,9.2578,-0.0905,,,34.8315,-0.34919,-0.243918,-0.105272,47.4399,31.3397,0.336429,0.038484,0.57857
2025-04-15,00940,25767982,219328890,8.47,8.56,8.43,8.55,0.13,6052,8.148,0.049337,8.439,0.013153,8.942,-0.043838,9.242,-0.074876,,,37.741,-0.323911,-0.259917,-0.063994,57.3836,44.5246,0.338571,0.038744,0.364265
2025-04-16,00940,18350918,155592558,8.51,8.54,8.45,8.45,-0.1,6186,8.366,0.010041,8.378,0.008594,8.8945,-0.049975,9.2247,-0.083978,,,36.5591,-0.308392,-0.269612,-0.03878,60.7018,55.1751,0.339286,0.038734,0.412081
2025-04-17,00940,24460409,205465467,8.41,8.47,8.34,8.43,-0.02,4729,8.44,-0.001185,8.302,0.015418,8.842,-0.046596,9.2098,-0.084674,,,35.6757,-0.294314,-0.274552,-0.019761,69.2231,62.4361,0.344286,0.038616,0.551053
2025-04-18,00940,14090120,118962393,8.43,8.48,8.41,8.42,-0.01,3899,8.454,-0.004022,8.225,0.023708,8.7915,-0.042257,9.1953,-0.084318,,,36.1644,-0.280728,-0.275787,-0.00494,75.213,68.3793,0.342857,0.038626,0.504914
2025-04-21,00940,20563604,171749237,8.4,8.41,8.3,8.31,-0.11,5708,8.432,-0.014469,8.228,0.009966,8.731,-0.048219,9.1818,-0.094952,,,36.2637,-0.275659,-0.275762,0.000103,80.2005,74.8789,0.340714,0.038511,0.99598
2025-04-22,00940,24725884,204186025,8.21,8.33,8.21,8.22,-0.09,5232,8.366,-0.017452,8.257,-0.004481,8.667,-0.051575,9.1662,-0.103224,,,37.931,-0.275726,-0.275754,2.9e-05,69.0476,74.8204,0.33,0.038513,1.209789
2025-04-23,00940,20353218,171502623,8.37,8.47,8.37,8.44,0.22,4510,8.364,0.009087,8.365,0.008966,8.617,-0.020541,9.1548,-0.078083,,,39.4958,-0.255086,-0.271621,0.016535,66.6725,71.9735,0.337857,0.039225,0.976705
2025-04-24,00940,18312484,154814036,8.46,8.48,8.42,8.45,0.01,3114,8.368,0.009799,8.404,0.005474,8.567,-0.013657,9.1427,-0.075762,,,39.6648,-0.235211,-0.264339,0.029128,60.0423,65.2541,0.338571,0.039226,0.933879
2025-04-25,00940,24961175,213765953,8.57,8.6,8.53,8.55,0.1,4744,8.394,0.018585,8.424,0.014957,8.52,0.003521,9.132,-0.063732,,,54.8736,-0.208981,-0.253267,0.044286,72.4354,66.3834,0.284286,0.039355,1.145887
2025-04-28,00940,19646298,168827381,8.57,8.62,8.55,8.61,0.06,4291,8.454,0.018453,8.443,0.01978,8.479,0.01545,9.1217,-0.056094,,,63.7097,-0.181263,-0.238867,0.057603,79.762,70.7466,0.241429,0.039435,0.909559
2025-04-29,00940,23997252,207782427,8.6,8.7,8.6,8.69,0.08,4150,8.548,0.016612,8.457,0.027551,8.448,0.028646,9.1123,-0.046347,,,83.4171,-0.1511,-0.221313,0.070214,94.2332,82.1435,0.205,0.03948,1.11854
2025-04-30,00940,14810949,128568650,8.69,8.72,8.65,8.66,-0.03,3564,8.592,0.007914,8.478,0.021467,8.428,0.027527,9.1017,-0.048526,,,72.7273,-0.128138,-0.202678,0.07454,94.5852,89.5268,0.16,0.039071,0.727967
2025-05-02,00940,25221006,220236399,8.7,8.75,8.7,8.74,0.08,5500,8.65,0.010405,8.509,0.027148,8.4055,0.039795,9.0937,-0.038892,,,67.5676,-0.102306,-0.182604,0.080297,94.7809,94.5331,0.126429,0.038978,1.160796
2025-05-05,00940,39858471,345193528,8.77,8.79,8.57,8.67,-0.07,7059,8.674,-0.000461,8.534,0.015936,8.3795,0.034668,9.0852,-0.045697,,,61.2613,-0.086486,-0.16338,0.076894,88.5646,92.6435,0.120714,0.039,1.613259
2025-05-06,00940,35523045,309199714,8.65,8.76,8.61,8.74,0.07,4678,8.7,0.004598,8.577,0.019004,8.4025,0.040167,9.0758,-0.037003,,,59.0476,-0.067521,-0.144208,0.076687,88.5179,90.6211,0.121429,0.031666,1.274043
2025-05-07,00940,16949167,147890651,8.73,8.77,8.7,8.72,-0.02,3901,8.706,0.001608,8.627,0.01078,8.442,0.032931,9.0662,-0.038182,,,63.9175,-0.053489,-0.126065,0.072575,82.8289,86.6371,0.119286,0.029856,0.640255
2025-05-08,00940,20913612,182897610,8.72,8.77,8.7,8.77,0.0,3829,8.728,0.004812,8.66,0.012702,8.5125,0.03025,9.0572,-0.031706,,,67.0,-0.037897,-0.108431,0.070534,87.1613,86.1694,0.115,0.023729,0.755193
2025-05-09,00940,23295223,205070610,8.78,8.84,8.75,8.83,0.06,4243,8.746,0.009604,8.698,0.015176,8.551,0.032628,9.0493,-0.024238,,,69.5238,-0.020463,-0.090837,0.070375,89.9802,86.6568,0.116429,0.012372,0.853058
2025-05-12,00940,21485529,191566009,8.88,8.94,8.87,8.93,0.1,5314,8.798,0.015003,8.736,0.022207,8.58,0.040793,9.0428,-0.012478,,,79.8077,0.001407,-0.072389,0.073796,95.3856,90.8424,0.115714,0.010107,0.90912
2025-05-13,00940,29285892,265199980,9.06,9.09,9.02,9.04,0.11,5502,8.858,0.020546,8.779,0.02973,8.611,0.04982,9.0383,0.000184,,,88.6792,0.0273,-0.052451,0.079751,94.7445,93.3701,0.118571,0.010246,1.30823
2025-05-14,00940,44343353,404859606,9.11,9.16,9.08,9.16,0.12,7430,8.946,0.023921,8.826,0.037843,8.6415,0.060001,9.0343,0.01391,,,87.5,0.056849,-0.030591,0.087439,95.894,95.3414,0.109286,0.010125,1.59138
2025-05-15,00940,23048208,211397841,9.15,9.2,9.14,9.17,0.01,4405,9.026,0.015954,8.877,0.033007,8.6775,0.056756,9.0307,0.015429,,,87.5,0.080149,-0.008443,0.088592,95.2076,95.282,0.109286,0.009499,0.814665
2025-05-16,00940,52902122,489188975,9.17,9.3,9.17,9.26,0.09,7732,9.112,0.016242,8.929,0.03707,8.719,0.062048,9.0272,0.025793,,,87.3684,0.10467,0.01418,0.09049,96.4803,95.8606,0.107857,0.009451,1.546257
2025-05-19,00940,20583550,188741691,9.23,9.25,9.12,9.12,-0.14,5085,9.15,-0.003279,8.974,0.016269,8.754,0.041809,9.0208,0.010993,,,74.7573,0.111521,0.033648,0.077873,86.4803,92.7227,0.112857,0.010379,0.604818
2025-05-20,00940,13577323,124329511,9.16,9.18,9.13,9.13,0.01,3146,9.168,-0.004145,9.013,0.012981,8.795,0.03809,9.0142,0.01285,,,72.9167,0.116415,0.050201,0.066214,78.6232,87.1946,0.11,0.009604,0.439525
2025-05-21,00940,30801219,283255217,9.13,9.23,9.13,9.22,0.09,5745,9.18,0.004357,9.063,0.017323,8.845,0.042397,9.0088,0.02344,,,77.451,0.126103,0.065382,0.060721,75.7071,80.2702,0.112143,0.008927,1.092921
2025-05-22,00940,17473295,160473965,9.15,9.22,9.14,9.19,-0.03,3104,9.184,0.000653,9.105,0.009336,8.8825,0.034619,9.0023,0.020846,,,73.1959,0.129862,0.078278,0.051585,77.1799,77.1701,0.111429,0.007647,0.645545
2025-05-23,00940,15244845,139881396,9.2,9.23,9.13,9.14,-0.05,2958,9.16,-0.002183,9.136,0.000438,8.917,0.025008,8.9943,0.016195,,,74.7368,0.12734,0.08809,0.039249,67.5768,73.4879,0.102857,0.007927,0.780344
2025-05-26,00940,15450877,140960571,9.13,9.16,9.1,9.1,-0.04,3738,9.156,-0.006116,9.153,-0.00579,8.9445,0.017385,8.9858,0.012705,,,69.5652,0.120721,0.094616,0.026105,42.1222,62.293,0.096429,0.007909,0.834753
2025-05-27,00940,22202625,201067030,9.1,9.11,9.01,9.02,-0.08,4351,9.134,-0.012481,9.151,-0.014315,8.965,0.006135,8.9755,0.004958,,,65.3061,0.107778,0.097249,0.010529,18.4654,42.7215,0.098571,0.008283,1.097262
2025-05-28,00940,13423727,121448088,9.08,9.12,8.99,9.01,-0.01,3244,9.092,-0.009019,9.136,-0.013792,8.981,0.003229,8.9663,0.00487,,,62.766,0.095611,0.096921,-0.00131,6.3303,22.306,0.102857,0.008151,0.800983
2025-05-29,00940,13612106,123345466,9.05,9.13,9.03,9.05,0.04,2747,9.064,-0.001545,9.124,-0.00811,9.0005,0.0055,8.9592,0.010139,,,61.9565,0.08818,0.095173,-0.006993,10.9923,11.9293,0.105,0.008072,0.851457
2025-06-02,00940,21722080,194520508,9.01,9.01,8.93,8.94,-0.11,7164,9.024,-0.009309,9.092,-0.016718,9.0105,-0.007824,8.9495,-0.001062,,,50.5376,0.072578,0.090654,-0.018076,10.954,9.4255,0.105714,0.008501,1.256899
2025-06-03,00940,15702432,141141725,8.96,9.03,8.95,9.0,0.06,3808,9.004,-0.000444,9.08,-0.008811,9.027,-0.002991,8.9397,0.006749,,,47.7273,0.064314,0.085386,-0.021072,16.5812,12.8425,0.100714,0.008299,0.905948
2025-06-04,00940,20274152,183374743,9.04,9.07,9.01,9.02,0.02,3784,9.004,0.001777,9.069,-0.005403,9.041,-0.002323,8.9297,0.010116,,,41.0256,0.058702,0.080049,-0.021348,18.8889,15.4747,0.097143,0.008173,1.196334
2025-06-05,00940,20828201,187186245,9.0,9.03,8.95,8.95,-0.07,5761,8.992,-0.004671,9.042,-0.010175,9.0525,-0.011323,8.9192,0.003457,,,36.9048,0.048051,0.07365,-0.025598,20.0,18.49,0.098571,0.008398,1.13026
2025-06-06,00940,15704860,140461853,8.95,8.99,8.92,8.93,-0.02,4718,8.968,-0.004237,9.016,-0.009539,9.0605,-0.014403,8.909,0.002357,,,28.5714,0.037564,0.066433,-0.028868,13.6111,17.5,0.094286,0.008368,0.833311
2025-06-09,00940,23450112,209826141,8.95,8.98,8.92,8.94,0.01,4582,8.968,-0.003122,8.996,-0.006225,9.066,-0.013898,8.9008,0.0044,,,35.9375,0.029717,0.05909,-0.029372,6.7857,13.4656,0.088571,0.008252,1.221872
2025-06-10,00940,35848477,321659774,8.92,9.0,8.92,8.98,0.0,4779,8.964,0.001785,8.984,-0.000445,9.0685,-0.009759,8.893,0.009783,,,38.806,0.026422,0.052556,-0.026134,14.0873,11.4947,0.09,0.007922,1.543785
2025-06-11,00940,56957378,515126657,8.98,9.08,8.98,9.06,0.08,6169,8.972,0.009808,8.988,0.008011,9.0695,-0.001047,8.8877,0.01939,,,37.8788,0.02992,0.048029,-0.018108,34.9206,18.5979,0.09,0.007683,1.863922
2025-06-12,00940,27519627,248766546,9.04,9.07,9.02,9.03,-0.03,3180,8.988,0.004673,8.99,0.004449,9.063,-0.003641,8.8822,0.016644,,,37.8788,0.029927,0.044409,-0.014481,54.6627,34.5569,0.087857,0.00706,0.86279
2025-06-13,00940,32019199,288384729,8.99,9.05,8.97,8.98,-0.05,3891,8.998,-0.002,8.983,-0.000334,9.0535,-0.008118,8.8752,0.011812,,,37.8788,0.025603,0.040647,-0.015044,57.6389,49.0741,0.086429,0.007127,0.910698
2025-06-16,00940,33085680,296996057,8.96,9.01,8.94,9.01,0.03,4556,9.012,-0.000222,8.99,0.002225,9.041,-0.003429,8.8673,0.016089,,,43.0769,0.024317,0.037381,-0.013065,54.1667,55.4894,0.087143,0.006746,0.892132
2025-06-17,00940,45723340,412572433,9.01,9.06,8.99,9.04,0.03,5760,9.024,0.001773,8.994,0.005115,9.037,0.000332,8.8608,0.02022,,,51.6667,0.025425,0.03499,-0.009565,56.25,56.0185,0.085,0.005982,1.170561
2025-06-18,00940,40942302,370890106,9.0,9.09,9.0,9.07,0.03,5241,9.026,0.004875,8.999,0.00789,9.034,0.003985,8.8533,0.024473,,,54.8387,0.028396,0.033671,-0.005275,73.1618,61.1928,0.082143,0.006032,1.141789
2025-06-19,00940,20649499,186408407,9.05,9.08,8.99,9.0,-0.07,3092,9.02,-0.002217,9.004,-0.000444,9.023,-0.002549,8.845,0.017524,,,46.1538,0.024817,0.0319,-0.007084,70.098,66.5033,0.08,0.005746,0.598814
2025-06-20,00940,18058873,161094912,8.99,9.0,8.89,8.9,-0.1,5002,9.004,-0.01155,9.001,-0.011221,9.0085,-0.012044,8.836,0.007243,,,46.875,0.013752,0.028271,-0.014518,46.7647,63.3415,0.079286,0.006149,0.569825
2025-06-23,00940,20285032,178769119,8.84,8.85,8.77,8.85,-0.05,4970,8.972,-0.013598,8.992,-0.015792,8.994,-0.016011,8.826,0.002719,,,38.0952,0.000938,0.022804,-0.021866,25.6863,47.5163,0.082143,0.006154,0.696319
2025-06-24,00940,19121816,171536713,8.91,9.0,8.91,8.99,0.14,2904,8.962,0.003124,8.993,-0.000334,8.9885,0.000167,8.8177,0.019544,,,48.0,0.002056,0.018655,-0.016598,32.9167,35.1225,0.087857,0.007236,0.803049
2025-06-25,00940,24407889,219806642,9.01,9.05,8.99,9.0,0.01,3511,8.948,0.005811,8.987,0.001447,8.9875,0.001391,8.8105,0.021508,,,53.6232,0.003706,0.015665,-0.011959,55.2083,37.9371,0.086429,0.006979,1.19036
2025-06-26,00940,26713873,240864425,9.0,9.05,8.99,9.0,0.0,4304,8.948,0.005811,8.984,0.001781,8.987,0.001447,8.8053,0.022108,,,55.2239,0.004957,0.013523,-0.008566,70.8333,52.9861,0.085714,0.006974,1.230062
2025-06-27,00940,22443852,202394466,9.0,9.04,8.99,9.01,0.01,3432,8.97,0.004459,8.987,0.002559,8.985,0.002782,8.8045,0.02334,,,55.2239,0.006678,0.012154,-0.005476,72.9167,66.3194,0.085,0.006901,0.993333
2025-06-30,00940,18563994,166915196,9.0,9.02,8.97,8.98,-0.03,3747,8.996,-0.001779,8.984,-0.000445,8.987,-0.000779,8.801,0.020339,,,50.0,0.005557,0.010835,-0.005278,70.8333,71.5278,0.082857,0.006357,0.834326
2025-07-01,00940,33629186,303754468,8.98,9.06,8.98,9.01,0.03,4929,,,,,,,,,,,,0.0,0.0,0.0,,,,,
2025-07-02,00940,37815975,342245081,8.99,9.08,8.99,9.08,0.07,5999,,,,,,,,,,,,0.005584,0.001117,0.004467,,,,,
2025-07-03,00940,52680818,481447260,9.1,9.16,9.1,9.15,0.07,7727,,,,,,,,,,,,0.015479,0.003989,0.01149,,,,,
2025-07-04,00940,18205840,165791891,9.15,9.18,9.07,9.08,-0.07,3440,,,,,,,,,,,,0.017472,0.006686,0.010786,,,,,
2025-07-07,00940,13385509,120798464,9.07,9.07,8.99,9.02,-0.06,3538,9.068,-0.005293,,,,,,,,,,0.014047,0.008158,0.005889,,,,,0.429802
2025-07-08,00940,16771622,150627536,9.0,9.01,8.96,8.98,-0.04,4205,9.062,-0.009049,,,,,,,,,,0.008013,0.008129,-0.000116,,,,,0.603905
2025-07-09,00940,33439273,301992475,8.98,9.06,8.95,9.06,0.08,4128,9.058,0.000221,,,,,,,,,,0.009576,0.008419,0.001158,,,,,1.243252
2025-07-10,00940,16993130,152964134,9.02,9.03,8.99,9.0,0.0,3464,9.028,-0.003101,,,,,,,,,,0.005905,0.007916,-0.002011,,,,,0.860016
2025-07-11,00940,19035765,171930119,8.99,9.05,8.99,9.03,0.03,3423,9.018,0.001331,,,,,,,,,,0.005355,0.007404,-0.002049,,,,,0.955368
2025-07-14,00940,19688676,177669596,9.01,9.05,9.0,9.01,-0.02,2954,9.016,-0.000665,9.042,-0.003539,,,,,,,,0.003268,0.006577,-0.003309,,,,,0.929338
2025-07-15,00940,33440094,302665840,9.0,9.08,9.0,9.06,0.05,4800,9.032,0.0031,9.047,0.001437,,,,,,,,0.005583,0.006378,-0.000794,36.2319,,,,1.363823
2025-07-16,00940,46374993,422471887,9.05,9.14,9.05,9.11,0.05,8457,9.042,0.00752,9.05,0.00663,,,,,,,,0.011323,0.007367,0.003956,47.8261,,,,1.710842
2025-07-17,00940,49710121,455184686,9.12,9.18,9.12,9.17,0.06,6939,9.076,0.010357,9.052,0.013036,,,,,,,,0.020477,0.009989,0.010488,71.0145,51.6908,,,1.477273
2025-07-18,00940,32399683,297836759,9.21,9.23,9.16,9.17,0.0,4617,9.104,0.00725,9.061,0.01203,,,,,,,62.1212,0.027415,0.013474,0.013941,81.2629,66.7012,0.079286,,0.891995
2025-07-21,00940,33309100,306175898,9.15,9.21,9.15,9.19,0.02,5491,9.14,0.00547,9.078,0.012338,,,,,,,63.2353,0.034135,0.017606,0.016528,86.646,79.6411,0.077857,,0.853056
2025-07-22,00940,31505501,288866658,9.18,9.22,9.08,9.08,-0.11,4871,9.144,-0.006999,9.088,-0.00088,,,,,,,50.0,0.030235,0.020132,0.010103,67.2619,78.3903,0.081429,,0.81494
2025-07-23,00940,29258784,268577072,9.12,9.2,9.12,9.19,0.11,4740,9.16,0.003275,9.101,0.009779,,,,,,,52.6316,0.03561,0.023228,0.012382,68.8492,74.2524,0.084286,,0.830351
2025-07-24,00940,36851222,339622908,9.21,9.24,9.18,9.21,0.02,4914,9.168,0.004581,9.122,0.009647,,,,,,,59.1549,0.041011,0.026784,0.014227,69.4444,68.5185,0.080714,,1.128161
2025-07-25,00940,29353552,270589009,9.2,9.24,9.2,9.22,0.01,4308,9.178,0.004576,9.141,0.008642,,,,,,,65.1515,0.045573,0.030542,0.015031,87.5,75.2646,0.077143,,0.915707
2025-07-28,00940,33746824,311201905,9.23,9.24,9.19,9.23,0.01,4949,9.186,0.00479,9.163,0.007312,9.1025,0.014007,,,,,69.8413,0.049425,0.034319,0.015107,91.3012,82.7485,0.076429,,1.049891
2025-07-29,00940,21919437,200972137,9.2,9.22,9.13,9.14,-0.09,3534,9.198,-0.006306,9.171,-0.00338,9.109,0.003403,,,,,56.25,0.044701,0.036395,0.008306,74.6345,84.4786,0.075714,0.006773,0.725186
2025-07-30,00940,20349493,186467416,9.13,9.19,9.13,9.17,0.03,3138,9.194,-0.00261,9.177,-0.000763,9.1135,0.0062,,,,,63.9344,0.042883,0.037693,0.00519,62.8289,76.2549,0.075,0.0066,0.71542
2025-07-31,00940,20708822,189615842,9.17,9.18,9.13,9.16,-0.01,3390,9.184,-0.002613,9.176,-0.001744,9.114,0.005047,,,,,61.0169,0.040173,0.038189,0.001984,47.9167,61.7934,0.074286,0.006385,0.821269
2025-08-01,00940,36002282,329691926,9.1,9.2,9.03,9.19,0.03,4831,9.178,0.001307,9.178,0.001307,9.1195,0.007731,,,,,65.0,0.039984,0.038548,0.001436,60.8135,57.1864,0.082857,0.006152,1.356255
2025-08-04,00940,16990783,155551339,9.13,9.19,9.1,9.18,-0.01,3427,9.168,0.001309,9.177,0.000327,9.1275,0.005752,,,,,60.7143,0.038583,0.038555,2.8e-05,65.873,58.2011,0.083571,0.005931,0.732546
2025-08-05,00940,39112098,361081776,9.2,9.25,9.2,9.23,0.05,7265,9.186,0.00479,9.192,0.004134,9.14,0.009847,,,,,60.7143,0.041035,0.039051,0.001984,79.5094,68.732,0.082143,0.005875,1.468575
2025-08-06,00940,16454255,151641442,9.22,9.23,9.2,9.21,-0.02,3977,9.194,0.00174,9.194,0.00174,9.1475,0.006832,,,,,53.8462,0.040892,0.039419,0.001473,81.3853,75.5892,0.079286,0.005646,0.636438
2025-08-07,00940,32454745,299059317,9.22,9.24,9.19,9.19,0.0,4444,9.2,-0.001087,9.192,-0.000218,9.157,0.003604,,,,,51.8519,0.038719,0.039279,-0.00056,81.8182,80.9043,0.077857,0.00542,1.150762
2025-08-08,00940,54221867,501290064,9.2,9.26,9.2,9.25,0.06,7186,9.212,0.004125,9.195,0.005982,9.168,0.008944,,,,,55.1724,0.041362,0.039696,0.001666,83.3992,82.2009,0.078571,0.005536,1.702587
2025-08-11,00940,24741021,227720427,9.21,9.23,9.17,9.22,-0.03,4337,9.22,0.0,9.194,0.002828,9.1785,0.004521,,,,,64.0,0.040567,0.03987,0.000697,83.6627,82.96,0.074286,0.005574,0.74082
2025-08-12,00940,31260679,288951632,9.22,9.26,9.22,9.23,0.01,4271,9.22,0.001085,9.203,0.002934,9.187,0.004681,,,,,55.0,0.040281,0.039952,0.000328,88.4058,85.1559,0.068571,0.005478,0.982221
2025-08-13,00940,45767953,424107560,9.25,9.29,9.22,9.25,0.02,6768,9.228,0.002384,9.211,0.004234,9.194,0.006091,,,,,55.0,0.041192,0.0402,0.000992,84.7269,85.5985,0.069286,0.005381,1.21435
2025-08-14,00940,38732768,359150724,9.24,9.29,9.24,9.28,0.03,5755,9.246,0.003677,9.223,0.00618,9.1995,0.00875,,,,,57.1429,0.04383,0.040926,0.002904,88.7696,87.3007,0.07,0.005242,0.994554
2025-08-15,00940,21828210,202050407,9.27,9.3,9.24,9.26,-0.02,3892,9.248,0.001298,9.23,0.00325,9.204,0.006084,,,,,53.4884,0.043802,0.041501,0.002301,82.861,85.4525,0.070714,0.005277,0.672338
2025-08-18,00940,39469901,366522451,9.26,9.31,9.25,9.3,0.04,6018,9.264,0.003886,9.242,0.006276,9.2095,0.009827,,,,,71.0526,0.046472,0.042495,0.003976,85.6083,85.7463,0.067857,0.005334,1.114594
2025-08-19,00940,15525057,143588319,9.29,9.29,9.23,9.24,-0.06,3328,9.266,-0.002806,9.243,-0.000325,9.2175,0.002441,,,,,58.5366,0.043248,0.042646,0.000602,70.696,79.7217,0.068571,0.004761,0.481177
2025-08-20,00940,31880047,291102574,9.21,9.21,9.09,9.12,-0.12,9178,9.24,-0.012987,9.234,-0.012346,9.214,-0.010202,,,,,46.1538,0.030656,0.040248,-0.009592,52.1645,69.4896,0.075714,0.00495,1.081149
2025-08-21,00940,25494478,234574129,9.14,9.23,9.14,9.2,0.08,3445,9.224,-0.002602,9.235,-0.00379,9.2135,-0.001465,,,,,50.8772,0.026823,0.037563,-0.01074,37.8788,53.5798,0.071429,0.005333,0.949885
2025-08-22,00940,19741483,181557940,9.2,9.24,9.16,9.17,-0.03,3184,9.206,-0.00391,9.227,-0.006178,9.211,-0.004451,,,,,49.1525,0.021121,0.034275,-0.013153,33.3333,41.1255,0.070714,0.005373,0.747155
2025-08-25,00940,45575315,422393699,9.27,9.31,9.23,9.27,0.1,6369,9.2,0.007609,9.232,0.004116,9.213,0.006187,,,,,53.125,0.024391,0.032298,-0.007907,56.0606,42.4242,0.075714,0.005923,1.648694
2025-08-26,00940,22373179,207271271,9.26,9.28,9.24,9.27,0.0,3623,9.206,0.006952,9.236,0.003681,9.2195,0.005478,,,,,54.8387,0.026674,0.031173,-0.004499,66.6667,52.0202,0.076429,0.00544,0.771146
2025-08-27,00940,79915751,746728249,9.29,9.37,9.29,9.35,0.08,11533,9.252,0.010592,9.246,0.011248,9.2285,0.013166,,,,,61.7647,0.034541,0.031847,0.002694,85.4978,69.4084,0.08,0.005697,2.069282
2025-08-28,00940,43825194,411229438,9.32,9.41,9.32,9.35,0.0,6587,9.282,0.007326,9.253,0.010483,9.238,0.012124,,,,,58.0645,0.040311,0.03354,0.006771,85.3084,79.1576,0.081429,0.005682,1.036395
2025-08-29,00940,20384667,190911699,9.37,9.4,9.34,9.34,-0.01,3308,9.316,0.002576,9.261,0.00853,9.2455,0.010221,,,,,60.0,0.043574,0.035546,0.008028,84.0774,84.9612,0.08,0.005675,0.480602
2025-09-01,00940,23626233,219343491,9.32,9.36,9.21,9.25,-0.09,5454,9.312,-0.006658,9.256,-0.000648,9.249,0.000108,,,,,51.4706,0.038455,0.036128,0.002327,69.7917,79.7258,0.087857,0.00613,0.621334
2025-09-02,00940,20864576,192380502,9.28,9.31,9.16,9.21,-0.04,4409,9.3,-0.009677,9.253,-0.004647,9.248,-0.004109,,,,,47.1429,0.030815,0.035066,-0.00425,51.3503,68.4065,0.093571,0.006096,0.553095
2025-09-03,00940,16143800,148928438,9.21,9.25,9.2,9.23,0.02,3481,9.276,-0.004959,9.264,-0.00367,9.249,-0.002054,,,,,46.3768,0.026074,0.033267,-0.007194,34.642,51.928,0.093571,0.006095,0.646556
2025-09-04,00940,24955293,231664530,9.28,9.32,9.25,9.27,0.04,3759,9.26,0.00108,9.271,-0.000108,9.253,0.001837,,,,,50.7042,0.025253,0.031664,-0.006412,32.642,39.5448,0.095714,0.00614,1.177419
2025-09-05,00940,18003316,167201308,9.29,9.33,9.27,9.28,0.01,3194,9.248,0.00346,9.282,-0.000215,9.2545,0.002755,,,,,48.5294,0.025119,0.030355,-0.005236,40.0,35.7613,0.095714,0.005974,0.868943
2025-09-08,00940,50326649,470980224,9.34,9.39,9.32,9.38,0.1,8328,9.274,0.01143,9.293,0.009362,9.2625,0.012686,,,,,59.7222,0.032706,0.030825,0.00188,60.0,44.214,0.098571,0.006362,1.931278
2025-09-09,00940,37318546,349496648,9.37,9.39,9.34,9.37,0.0,5106,9.306,0.006877,9.303,0.007202,9.2695,0.010842,,,,,70.4918,0.037479,0.032156,0.005323,73.3333,57.7778,0.091429,0.006376,1.271521
2025-09-10,00940,152985064,1443976563,9.39,9.46,9.39,9.44,0.07,16063,9.348,0.009842,9.312,0.013746,9.279,0.017351,,,,,70.0,0.046376,0.035,0.011376,88.4444,73.9259,0.09,0.006545,2.697304
2025-09-11,00940,69304531,654751525,9.44,9.48,9.37,9.37,-0.07,8981,9.368,0.000213,9.314,0.006012,9.2835,0.009318,,,,,65.625,0.047234,0.037447,0.009787,80.9861,80.9213,0.092143,0.006786,1.056671
2025-09-12,00940,47669711,449333153,9.4,9.44,9.4,9.44,0.07,6067,9.4,0.004255,9.324,0.012441,9.2925,0.015873,,,,,63.9344,0.052952,0.040548,0.012404,82.1528,83.8611,0.087143,0.006927,0.666514
2025-09-15,00940,36886856,347618138,9.44,9.45,9.39,9.41,-0.03,4881,9.406,0.000425,9.34,0.007495,9.298,0.012046,,,,,60.9375,0.054435,0.043325,0.01111,76.0417,79.7269,0.088571,0.00694,0.53589
2025-09-16,00940,58115765,548838570,9.42,9.46,9.42,9.44,0.03,7481,9.42,0.002123,9.363,0.008224,9.308,0.014181,,,,,57.6271,0.05737,0.046134,0.011236,81.7029,79.9658,0.085,0.006756,0.796189
2025-09-17,00940,32534042,307140848,9.44,9.5,9.38,9.38,-0.06,6649,9.408,-0.002976,9.378,0.000213,9.321,0.00633,,,,,52.3077,0.054229,0.047753,0.006476,68.4783,75.4076,0.087143,0.006166,0.665288
2025-09-18,00940,60498772,571961990,9.42,9.48,9.41,9.46,0.08,7615,9.426,0.003607,9.397,0.006704,9.334,0.013499,,,,,58.3333,0.057532,0.049709,0.007823,69.4042,73.1951,0.09,0.006151,1.283357
2025-09-19,00940,93925324,891877567,9.49,9.51,9.47,9.5,0.04,10721,9.438,0.006569,9.419,0.0086,9.3505,0.015988,,,,,68.6567,0.062655,0.052298,0.010357,73.2405,70.3743,0.082857,0.006079,1.665574
2025-09-22,00940,56291046,535945525,9.5,9.54,9.5,9.52,0.02,8049,9.46,0.006342,9.433,0.009223,9.363,0.016768,9.2262,0.031848,,,73.8462,0.067551,0.055349,0.012202,86.7102,76.4516,0.075,0.00569,0.933935
2025-09-23,00940,75509669,721662148,9.54,9.58,9.52,9.55,0.03,9300,9.482,0.007171,9.451,0.010475,9.377,0.018449,9.2352,0.034091,,,74.2424,0.073009,0.058881,0.014129,89.3557,83.1022,0.075714,0.005694,1.184432
2025-09-24,00940,56196507,537335106,9.55,9.59,9.52,9.56,0.01,6683,9.518,0.004413,9.463,0.01025,9.3875,0.018375,9.2432,0.034278,,,73.0159,0.077252,0.062555,0.014697,86.5546,87.5402,0.074286,0.005442,0.820575
2025-09-25,00940,45478642,434404562,9.54,9.6,9.49,9.5,-0.06,5559,9.526,-0.002729,9.476,0.002533,9.395,0.011176,9.249,0.027138,,,66.1765,0.074909,0.065026,0.009883,75.3247,83.745,0.077857,0.005686,0.69454
2025-09-26,00940,38173942,356942585,9.47,9.48,9.3,9.32,-0.18,7985,9.49,-0.017914,9.464,-0.015216,9.394,-0.007877,9.253,0.007241,,,46.0526,0.057861,0.063593,-0.005732,48.9755,70.2849,0.084286,0.0072,0.702631
2025-09-30,00940,24206345,227742674,9.37,9.45,9.37,9.43,0.11,3834,9.472,-0.004434,9.466,-0.003803,9.403,0.002871,9.2598,0.018377,,,53.4884,0.05262,0.061398,-0.008779,34.8485,53.0495,0.09,0.007298,0.505214
2025-10-01,00940,27327639,258473836,9.43,9.51,9.4,9.41,-0.02,4556,9.444,-0.0036,9.463,-0.005601,9.413,-0.000319,9.267,0.015431,,,48.1481,0.046318,0.058382,-0.012064,28.8889,37.5709,0.091429,0.00723,0.713951
2025-10-02,00940,35088716,332549550,9.49,9.53,9.45,9.45,0.04,4412,9.422,0.002972,9.47,-0.002112,9.424,0.002759,9.2735,0.019033,,,55.1282,0.044044,0.055514,-0.011471,43.3333,35.6902,0.092143,0.007261,1.030353
2025-10-03,00940,27704316,262076400,9.45,9.49,9.45,9.46,0.01,5284,9.414,0.004886,9.47,-0.001056,9.4335,0.002809,9.2812,0.019268,,,51.3889,0.042558,0.052923,-0.010365,46.6667,39.6296,0.09,0.007224,0.908333
2025-10-07,00940,105598451,1007161903,9.48,9.58,9.47,9.54,0.08,12741,9.458,0.00867,9.474,0.006966,9.4465,0.009898,9.2897,0.026948,,,58.4416,0.047291,0.051797,-0.004506,61.1111,50.3704,0.094286,0.007412,2.400778
2025-10-08,00940,27575666,261628356,9.48,9.51,9.47,9.48,0.0,4048,9.468,0.001267,9.47,0.001056,9.4515,0.003015,9.2975,0.019629,,,52.5,0.045673,0.050572,-0.004899,64.4444,57.4074,0.095714,0.007258,0.617472
2025-10-09,00940,34222358,324914213,9.52,9.56,9.46,9.47,-0.01,4982,9.48,-0.001055,9.462,0.000845,9.4565,0.001428,9.3043,0.017805,,,56.0,0.043088,0.049075,-0.005987,65.5556,63.7037,0.094286,0.007257,0.743352
2025-10-13,00940,39640661,370124387,9.31,9.4,9.24,9.39,-0.08,7660,9.468,-0.008238,9.445,-0.005823,9.454,-0.00677,9.309,0.008701,,,45.3333,0.03419,0.046098,-0.011908,53.5948,61.1983,0.103571,0.007332,0.844347
2025-10-14,00940,78995566,749310605,9.44,9.55,9.35,9.36,-0.03,9122,9.448,-0.009314,9.431,-0.007528,9.4535,-0.009891,9.3122,0.005137,,,40.5405,0.024435,0.041766,-0.01733,45.3595,54.8366,0.114286,0.007173,1.380883
2025-10-15,00940,21863315,205050110,9.35,9.41,9.34,9.4,0.04,4256,9.42,-0.002123,9.439,-0.004132,9.4515,-0.005449,9.316,0.009017,,,42.1053,0.019705,0.037353,-0.017648,42.1569,47.037,0.116429,0.007032,0.540375
2025-10-16,00940,47646259,451484126,9.42,9.5,9.42,9.47,0.07,5641,9.418,0.005521,9.443,0.002859,9.4545,0.001639,9.3207,0.016022,,,45.0,0.021359,0.034155,-0.012796,50.0,45.8388,0.119286,0.007193,1.071337
2025-10-17,00940,65681614,624648082,9.45,9.55,9.45,9.46,-0.01,7236,9.416,0.004673,9.448,0.00127,9.4555,0.000476,9.327,0.01426,,,43.75,0.021613,0.031646,-0.010033,59.8039,50.6536,0.121429,0.007168,1.293824
2025-10-20,00940,65512832,623329261,9.52,9.55,9.5,9.51,0.05,7639,9.44,0.007415,9.454,0.005923,9.462,0.005073,9.3323,0.019038,,,50.6329,0.025555,0.030428,-0.004873,70.5882,60.1307,0.12,0.007085,1.171129
2025-10-21,00940,83492933,798122235,9.56,9.6,9.51,9.52,0.01,9670,9.472,0.005068,9.46,0.006342,9.465,0.005811,9.3375,0.019545,,,66.129,0.02915,0.030172,-0.001023,73.9651,68.1191,0.112143,0.006844,1.468927
2025-10-22,00940,56257105,536231004,9.48,9.57,9.47,9.55,0.03,6602,9.502,0.005052,9.461,0.009407,9.4675,0.008714,9.343,0.022156,,,61.1111,0.034027,0.030943,0.003084,81.1002,75.2179,0.11,0.006816,0.882906
2025-10-23,00940,23076050,219990666,9.5,9.56,9.49,9.53,-0.02,3348,9.514,0.001682,9.466,0.006761,9.468,0.006548,9.348,0.019469,,,61.1111,0.035865,0.031928,0.003937,81.4815,78.8489,0.107143,0.006822,0.392422
2025-10-27,00940,100282118,965153249,9.64,9.69,9.59,9.61,0.08,12481,9.544,0.006915,9.48,0.013713,9.471,0.014676,9.3558,0.027167,,,63.7931,0.043278,0.034198,0.00908,81.2698,81.2838,0.11,0.007044,1.525802
2025-10-28,00940,37954407,364808927,9.62,9.65,9.59,9.61,0.0,5466,9.564,0.00481,9.502,0.011366,9.4735,0.014409,9.3632,0.026362,,,63.1579,0.048593,0.037077,0.011516,78.2804,80.3439,0.111429,0.007042,0.630341
2025-10-29,00940,109431442,1059542096,9.65,9.7,9.64,9.68,0.07,12004,9.596,0.008754,9.534,0.015314,9.4825,0.020828,9.3718,0.032882,,,62.5,0.057787,0.041219,0.016568,82.381,80.6437,0.109286,0.00703,1.673258
2025-10-30,00940,154039097,1500241457,9.69,9.78,9.69,9.77,0.09,19208,9.64,0.013485,9.571,0.020792,9.505,0.02788,9.3815,0.041411,,,74.5763,0.071512,0.047278,0.024234,88.9899,83.2171,0.111429,0.005487,1.81315
2025-10-31,00940,60727355,593916806,9.77,9.8,9.75,9.77,0.0,7728,9.688,0.008464,9.601,0.017602,9.522,0.026045,9.3913,0.040321,,,75.8621,0.08145,0.054112,0.027338,93.5786,88.3165,0.107857,0.005036,0.656605
2025-11-03,00940,33362940,325262004,9.75,9.78,9.73,9.74,-0.03,5522,9.714,0.002677,9.629,0.011528,9.5385,0.021125,9.3998,0.036189,,,83.0189,0.085914,0.060472,0.025442,89.899,90.8225,0.095,0.005079,0.421766
2025-11-04,00940,42829841,415529325,9.74,9.79,9.62,9.63,-0.11,5994,9.718,-0.009055,9.641,-0.001141,9.5475,0.008641,9.4068,0.023724,,,72.1311,0.079658,0.06431,0.015349,73.7374,85.7383,0.092857,0.005811,0.534851
2025-11-05,00940,40946425,389869058,9.54,9.62,9.45,9.61,-0.02,8442,9.704,-0.009687,9.65,-0.004145,9.555,0.005756,9.4138,0.020838,,,67.7966,0.072254,0.065898,0.006355,58.6724,74.1029,0.100714,0.00585,0.616838
2025-11-06,00940,26442272,254138772,9.62,9.64,9.57,9.6,0.0,3976,9.67,-0.007239,9.655,-0.005697,9.558,0.004394,9.4197,0.019144,,,62.2642,0.064831,0.065685,-0.000854,45.6854,59.3651,0.098571,0.005575,0.647115
2025-11-07,00940,20548202,195061664,9.54,9.54,9.46,9.48,-0.12,4603,9.612,-0.013733,9.65,-0.017617,9.558,-0.008161,9.424,0.005942,,,51.5625,0.048704,0.062289,-0.013585,32.381,45.5796,0.101429,0.006111,0.625975
2025-11-10,00940,21109458,199191821,9.48,9.51,9.41,9.44,-0.04,4381,9.552,-0.011725,9.633,-0.020035,9.5565,-0.012191,9.4275,0.001326,,,44.4444,0.032323,0.056296,-0.023972,19.707,32.5911,0.102143,0.00618,0.694956
2025-11-11,00940,23718645,223520975,9.47,9.51,9.38,9.39,-0.05,5396,9.504,-0.011995,9.611,-0.022994,9.5565,-0.017423,9.4298,-0.004224,,,40.2985,0.015132,0.048063,-0.032931,6.2149,19.4343,0.105,0.005995,0.893257
2025-11-12,00940,22861001,216064573,9.44,9.48,9.43,9.44,0.05,3433,9.47,-0.003168,9.587,-0.015333,9.5605,-0.012604,9.4325,0.000795,,,42.029,0.00548,0.039546,-0.034067,8.1197,11.3472,0.104286,0.006057,0.996734
2025-11-13,00940,37228203,353810130,9.46,9.54,9.45,9.5,0.06,4510,9.45,0.005291,9.56,-0.006276,9.5655,-0.006848,9.4365,0.006729,,,47.9452,0.002641,0.032165,-0.029524,15.3117,9.8821,0.106429,0.006144,1.483603
2025-11-14,00940,26426430,248561069,9.39,9.45,9.37,9.38,-0.12,6307,9.43,-0.005302,9.521,-0.014809,9.561,-0.018931,9.4378,-0.006128,,,35.0649,-0.009186,0.023895,-0.033081,15.3117,12.9143,0.104286,0.006582,1.006003
2025-11-17,00940,25433158,237123546,9.38,9.4,9.3,9.31,-0.07,7260,9.404,-0.009996,9.478,-0.017725,9.5535,-0.025488,9.439,-0.013667,,,32.1429,-0.023931,0.01433,-0.038261,11.5301,14.0511,0.107143,0.006766,0.937335
2025-11-18,00940,56771958,520609865,9.25,9.25,9.11,9.12,-0.19,12701,9.35,-0.024599,9.427,-0.032566,9.534,-0.043424,9.439,-0.033796,,,20.8333,-0.050368,0.00139,-0.051758,2.403,9.7483,0.115,0.007899,1.682424
2025-11-19,00940,35640268,323639228,9.1,9.16,9.03,9.06,-0.06,8777,9.274,-0.023075,9.372,-0.033291,9.511,-0.047419,9.4367,-0.039915,,,11.828,-0.075292,-0.013946,-0.061346,3.5701,5.8344,0.117143,0.007924,0.981825
2025-11-20,00940,19042249,174767499,9.14,9.21,9.14,9.19,0.13,3875,9.212,-0.002388,9.331,-0.015111,9.493,-0.031918,9.437,-0.026174,,,22.6415,-0.083592,-0.027875,-0.055717,13.0472,6.3401,0.124286,0.008698,0.582995
2025-11-21,00940,40398737,365871472,9.09,9.13,9.02,9.06,-0.13,9463,9.148,-0.00962,9.289,-0.024653,9.4695,-0.043244,9.4335,-0.039593,,,20.6897,-0.099512,-0.042203,-0.05731,14.9824,10.5332,0.132857,0.009121,1.139364
2025-11-24,00940,18801089,170562990,9.07,9.11,9.05,9.09,0.03,3734,9.104,-0.001538,9.254,-0.017722,9.4435,-0.037433,9.4305,-0.036106,,,25.0,-0.108458,-0.055454,-0.053004,17.5088,15.1795,0.125,0.008869,0.550853
2025-11-25,00940,11477317,104674349,9.14,9.15,9.09,9.11,0.02,2769,9.102,0.000879,9.226,-0.012573,9.4185,-0.032755,9.4265,-0.033576,,,26.8519,-0.112636,-0.06689,-0.045745,12.8205,15.1039,0.116429,0.008918,0.457776
2025-11-26,00940,16911697,155703638,9.14,9.24,9.14,9.23,0.12,3671,9.136,0.010289,9.205,0.002716,9.396,-0.017667,9.4245,-0.020638,,,34.4538,-0.105052,-0.074523,-0.03053,26.5355,18.9549,0.120714,0.00935,0.793
2025-11-27,00940,14828669,137279448,9.25,9.29,9.23,9.28,0.05,3346,9.154,0.013764,9.183,0.010563,9.3715,-0.009764,9.4235,-0.015228,,,41.0714,-0.093925,-0.078403,-0.015522,44.8553,28.0704,0.115,0.009133,0.723932
2025-11-28,00940,13990947,129911943,9.29,9.31,9.26,9.29,0.01,2837,9.2,0.009783,9.174,0.012644,9.3475,-0.006151,9.4242,-0.014236,,,43.1193,-0.083339,-0.07939,-0.003949,70.1206,47.1705,0.111429,0.009152,0.920339
2025-12-01,00940,9625117,89222398,9.28,9.31,9.25,9.25,-0.04,3472,9.232,0.00195,9.168,0.008944,9.323,-0.00783,9.4248,-0.01855,,,43.5185,-0.077287,-0.07897,0.001683,80.2783,65.0847,0.106429,0.009161,0.720079
2025-12-02,00940,23255450,215519331,9.25,9.3,9.24,9.25,0.0,2889,9.26,-0.00108,9.181,0.007516,9.304,-0.005804,9.4252,-0.018585,,,40.7767,-0.071664,-0.077508,0.005845,83.908,78.1023,0.104286,0.008938,1.479131
2025-12-03,00940,17982721,167161709,9.27,9.32,9.27,9.29,0.04,3877,9.272,0.001941,9.204,0.009344,9.288,0.000215,9.4255,-0.014376,,,39.604,-0.063251,-0.074657,0.011406,82.8736,82.3533,0.102143,0.009048,1.128393
2025-12-04,00940,14270957,132825923,9.29,9.33,9.28,9.29,0.0,2468,9.274,0.001725,9.214,0.008248,9.2725,0.001887,9.4257,-0.014393,,,44.9438,-0.055939,-0.070913,0.014975,85.0082,83.9299,0.096429,0.009054,0.901796
2025-12-05,00940,15193249,141045224,9.3,9.31,9.26,9.29,0.0,3174,9.274,0.001725,9.237,0.005738,9.263,0.002915,9.4242,-0.014236,,,48.7805,-0.049572,-0.066645,0.017073,86.3492,84.7437,0.092857,0.008686,0.945707
2025-12-08,00940,15940396,148060542,9.29,9.3,9.27,9.28,-0.01,4032,9.28,0.0,9.256,0.002593,9.255,0.002701,9.4227,-0.015141,,,62.5,-0.044817,-0.06228,0.017462,80.9106,84.0893,0.080714,0.008653,0.919892
2025-12-09,00940,19088778,176738075,9.28,9.29,9.24,9.26,-0.02,4704,9.282,-0.00237,9.271,-0.001186,9.2485,0.001243,9.4197,-0.01695,,,66.6667,-0.042176,-0.058259,0.016082,62.3392,76.533,0.075,0.008596,1.157231
2025-12-10,00940,13867233,127805048,9.23,9.23,9.2,9.21,0.0,3676,9.266,-0.006044,9.269,-0.006365,9.237,-0.002923,9.417,-0.021982,,,51.9231,-0.043615,-0.05533,0.011715,37.1255,60.1251,0.068571,0.008537,0.884834
2025-12-11,00940,16524671,151915477,9.21,9.23,9.17,9.2,-0.01,4274,9.248,-0.00519,9.261,-0.006587,9.222,-0.002386,9.413,-0.022628,,,67.5,-0.045043,-0.053273,0.008229,18.8141,39.4263,0.060714,0.008351,1.024921
2025-12-12,00940,17931200,165582976,9.22,9.26,9.21,9.23,0.03,3154,9.236,-0.00065,9.255,-0.002701,9.2145,0.001682,9.41,-0.019129,,,67.5,-0.043256,-0.051269,0.008014,21.3141,25.7512,0.060714,0.007991,1.075627
2025-12-15,00940,16253405,149456620,9.16,9.24,9.14,9.21,-0.02,3738,9.222,-0.001301,9.251,-0.004432,9.2095,5.4e-05,9.4062,-0.020855,,,62.5,-0.042958,-0.049607,0.006649,31.0307,23.7196,0.063571,0.007844,0.971335
2025-12-16,00940,21567189,197100663,9.14,9.18,9.1,9.16,-0.05,6385,9.202,-0.004564,9.242,-0.008873,9.2115,-0.005591,9.4025,-0.025791,,,39.3939,-0.046223,-0.04893,0.002707,33.4764,28.6071,0.062143,0.006432,1.251815
2025-12-17,00940,13522674,124434352,9.16,9.25,9.16,9.19,0.03,3416,9.198,-0.00087,9.232,-0.004549,9.218,-0.003038,9.398,-0.022132,,,35.4839,-0.045862,-0.048317,0.002455,35.2621,33.2564,0.064286,0.006258,0.788043
2025-12-18,00940,8754983,80206049,9.16,9.19,9.14,9.17,-0.02,2571,9.192,-0.002393,9.22,-0.005423,9.217,-0.005099,9.3925,-0.023689,,,31.25,-0.046651,-0.047984,0.001332,34.648,34.4622,0.064286,0.005397,0.561005
2025-12-19,00940,16273006,149701407,9.18,9.23,9.17,9.22,0.05,2876,9.19,0.003264,9.213,0.00076,9.225,-0.000542,9.3875,-0.017843,9.3068,-0.00933,45.4545,-0.04275,-0.046937,0.004187,47.005,38.9717,0.064286,0.004398,1.065388
2025-12-22,00940,24481597,226940913,9.25,9.29,9.24,9.27,0.05,3719,9.202,0.00739,9.212,0.006296,9.234,0.003899,9.3828,-0.012026,9.309,-0.004189,52.6316,-0.035217,-0.044593,0.009376,62.5439,48.0656,0.065,0.004484,1.446912
2025-12-23,00940,11727790,108509841,9.28,9.29,9.22,9.23,-0.04,3189,9.216,0.001519,9.209,0.00228,9.24,-0.001082,9.3773,-0.015712,9.3102,-0.00862,42.1053,-0.032105,-0.042095,0.00999,73.6842,61.0777,0.065,0.004626,0.784362
2025-12-24,00940,12628921,116898627,9.25,9.29,9.23,9.24,0.01,2674,9.226,0.001517,9.212,0.00304,9.2405,-5.4e-05,9.373,-0.01419,9.311,-0.007625,43.5897,-0.028503,-0.039377,0.010874,77.193,71.1404,0.065714,0.003576,0.85485
2025-12-26,00940,21528209,199138280,9.25,9.28,9.23,9.25,0.01,3653,9.242,0.000866,9.217,0.00358,9.239,0.001191,9.3718,-0.013,9.3124,-0.006703,45.0,-0.024559,-0.036413,0.011854,73.6842,74.8538,0.065714,0.003359,1.242401
2025-12-29,00940,31526543,292852883,9.25,9.31,9.25,9.27,0.02,4844,9.252,0.001946,9.221,0.005314,9.238,0.003464,9.3692,-0.010584,9.3145,-0.004777,48.7805,-0.019593,-0.033049,0.013456,77.8613,76.2462,0.067857,0.003389,1.547041
2025-12-30,00940,14613282,135165416,9.26,9.27,9.23,9.26,-0.01,3273,9.25,0.001081,9.226,0.003685,9.2385,0.002327,9.3667,-0.011388,9.3168,-0.0061,50.0,-0.016277,-0.029695,0.013418,76.8293,76.125,0.067143,0.003252,0.793987
2025-12-31,00940,24470529,226672498,9.25,9.28,9.24,9.26,0.0,3859,9.256,0.000432,9.236,0.002599,9.239,0.002273,9.3635,-0.011054,9.3185,-0.006278,57.1429,-0.013494,-0.026455,0.012961,74.043,76.2445,0.065714,0.003252,1.167849
2026-01-02,00940,35489298,330248939,9.27,9.33,9.27,9.3,0.04,5743,,,,,,,,,,,,0.0,0.0,0.0,,,,,
2026-01-05,00940,46043612,428345251,9.3,9.34,9.27,9.28,-0.02,7097,,,,,,,,,,,,-0.001595,-0.000319,-0.001276,,,,,
2026-01-06,00940,63592364,592975918,9.28,9.35,9.28,9.34,0.06,9470,,,,,,,,,,,,0.001959,0.000137,0.001823,,,,,
2026-01-07,00940,93423386,879146217,9.35,9.45,9.34,9.43,0.09,11791,,,,,,,,,,,,0.0,0.0,0.0,,,,,
2026-01-08,00940,32733756,306732221,9.38,9.4,9.33,9.33,0.0,5081,,,,,,,,,,,,-0.007977,-0.001595,-0.006382,,,,,
2026-01-09,00940,48169744,450457908,9.34,9.4,9.3,9.35,0.02,4711,,,,,,,,,,,,-0.012541,-0.003785,-0.008756,,,,,
2026-01-12,00940,90034164,849847494,9.4,9.47,9.39,9.47,0.12,11788,,,,,,,,,,,,-0.006401,-0.004308,-0.002093,,,,,
2026-01-13,00940,86202874,820956580,9.54,9.58,9.48,9.5,0.03,9779,9.416,0.008921,,,,,,,,,,0.000876,-0.003271,0.004147,,,,,1.229489
2026-01-14,00940,114255882,1095241901,9.52,9.62,9.52,9.61,0.11,15018,9.452,0.016716,,,,,,,,,,0.015342,0.000452,0.01489,,,,,1.538193
2026-01-15,00940,80994030,779652747,9.61,9.65,9.59,9.65,0.04,10499,9.516,0.014082,,,,,,,,,,0.029692,0.0063,0.023392,,,,,0.965003
2026-01-16,00940,65188464,629436673,9.68,9.69,9.62,9.65,0.0,8422,9.576,0.007728,,,,,,,,,,0.040596,0.013159,0.027437,,,,,0.746418
2026-01-19,00940,104781694,1014732124,9.62,9.71,9.62,9.67,0.02,12505,9.616,0.005616,,,,,,,,,,0.050273,0.020582,0.029691,,,,,1.160571
2026-01-20,00940,94540713,918947014,9.64,9.76,9.63,9.72,0.05,12329,9.66,0.006211,9.538,0.019082,,,,,,,,0.061269,0.028719,0.03255,,,,,1.028151
2026-01-21,00940,66359384,643018994,9.68,9.75,9.62,9.64,-0.08,9122,9.666,-0.00269,9.559,0.008474,,,,,,,,0.062805,0.035536,0.027269,85.1538,,,,0.805598
